Sample Name	Number of Mutations	Signature.1	Signature.2	Signature.3	Signature.4	Signature.5	Signature.6	Signature.7	Signature.8	Signature.9	Signature.10	Signature.11	Signature.12	Signature.13	Signature.14	Signature.15	Signature.16	Signature.17	Signature.18	Signature.19	Signature.20	Signature.21	Signature.22	Signature.23	Signature.24	Signature.25	Signature.26	Signature.27	Signature.28	Signature.29	Signature.30
TCGA-BR-4183-01A-02D-1126-08	60	0.7536543999618013	1.2256545707781525e-11	1.7073951466227628e-10	9.414856083519917e-15	2.1266636936597297e-10	1.8126013158422207e-09	0.023855934665032837	1.0790017728259913e-11	3.293448864218961e-11	0.005013024244340964	0.0013338545697843952	1.388008523937243e-10	8.092090676711316e-12	3.9261486911571904e-10	2.1782014673807695e-15	3.567610879196708e-11	0.06255202842348472	0.037315022717662016	3.609202666478556e-12	3.1807354129109196e-11	1.1357535887556157e-10	1.459889084651498e-10	1.1525613971953991e-11	0.00685257984837679	5.173925705768101e-12	1.789054974990336e-10	6.703621278454847e-12	0.051057489655701074	6.803672622783658e-10	0.05836566190897545
TCGA-BR-4191-01A-02D-1126-08	242	0.03099572802259212	0.014655368436598726	0.4880368729325123	0.017323996144463828	1.2034078631839476e-10	0.17570569311857187	0.1170503721868559	1.3454154838406658e-09	5.47235083077178e-13	0.0033073815614594235	6.945428390408719e-10	1.6358305089632656e-10	0.03901082084682636	4.813484822838103e-10	0.02998130610979457	3.092717199390168e-11	1.9875726390159859e-10	3.3615274635312903e-10	3.1993803294906333e-12	3.504933693971866e-08	3.3797081835899335e-10	3.146681463844391e-10	6.445200453879441e-11	0.08168525775511552	3.8264235309482766e-12	1.9046372921303994e-09	2.4015169100478304e-10	0.0022471615068029808	8.67869856625847e-12	7.986978580963371e-11
TCGA-BR-4255-01A-01D-1126-08	65	0.5939984416903078	9.58917029920344e-14	3.605333827549686e-10	1.8095176524133445e-10	2.037472723584103e-09	1.3842211068346373e-12	0.08970853742283055	2.777413461753296e-10	8.268357448649729e-15	0.016263350587878825	0.01285691550750121	6.965673732216102e-13	2.0415479880185615e-10	1.4204853565081867e-11	1.454978691309518e-09	0.06295164821726446	0.017996200119546554	2.0037456042468249e-10	2.8186663658496154e-12	5.541273644053605e-11	1.9278227845339035e-09	0.030257154700973385	1.632548794507325e-10	3.887329909986433e-11	1.2497191729956194e-11	0.17596774408705537	8.715279198785501e-11	1.0441225564700944e-11	2.7809417313617644e-11	6.079616195478468e-10
TCGA-BR-4267-01A-01D-1126-08	105	0.30036160701967024	2.576993283567577e-11	0.43076500278506585	9.275417885161755e-08	4.624575068541695e-09	0.03156175294548427	6.308790534813505e-11	1.7982872233232448e-10	0.01033610349744938	2.3821617618480833e-08	2.035352301375043e-13	3.826202489522482e-14	0.08878168882592648	1.0155307024572402e-10	6.062880907234755e-11	1.2846150447614866e-10	0.03348435219566583	1.5800790010850204e-10	3.6962724610472186e-10	3.859033526959379e-09	0.0022727568235235353	0.06242463287226993	6.124974630788369e-10	0.008740696634832896	1.6364770633961474e-09	7.260078308195907e-10	2.2512068008556505e-11	0.03127126845441877	7.027337530158615e-09	1.7742488216990226e-09
TCGA-BR-4294-01A-01D-1126-08	36	0.040529461809319454	3.57531746109821e-07	0.2911383777842027	5.7375438990020915e-05	5.087798284414689e-07	1.3231337619049995e-06	7.401472377340055e-06	0.11429630174571176	2.3379456280631197e-09	1.1680255114144725e-06	0.1683382233590308	2.5918205149469297e-08	1.532690700857689e-09	6.313939600805035e-06	0.20748453829018773	8.437495635037985e-10	8.476083626014716e-10	0.033957771527494955	9.145624979133235e-05	1.7091390118286645e-08	2.950373915110449e-09	4.00195548302543e-10	0.13572507229847292	8.329873659316487e-07	2.7849878565363065e-07	7.225366300167498e-09	0.008362043972200457	2.3588527757604505e-07	3.724222941751865e-08	8.608805881361992e-07
TCGA-BR-4357-01A-01D-1158-08	265	0.2117256677676854	0.017797685530065183	0.10622281605959784	2.9687782298383487e-08	1.3114317367556356e-07	5.5731279827771263e-08	0.050374262740243037	0.042405985060702076	0.021520939190792465	0.005019052037360036	2.62866680901593e-12	1.7337085964381359e-09	0.1119358850729255	1.98948787209419e-10	0.04679262686219367	2.007734020788064e-09	0.2725849774902164	1.2355039649845418e-10	3.486752037853901e-09	0.04312445304735683	1.4289083400440015e-10	0.0021443277344079855	0.0010296387851181112	0.04676729952587991	2.40270444820018e-09	2.783557473653568e-09	7.434158457765021e-12	9.077319669841069e-12	0.020554153263033444	3.7119942424402836e-10
TCGA-BR-4366-01A-01D-1158-08	155	0.48650598315978943	3.2749861423732136e-11	0.10557666242741184	2.542784416700825e-09	0.1252918596711794	2.6303765888592984e-13	6.256455033338259e-08	1.6604241003919728e-10	1.4389607153646576e-08	5.839564166020673e-11	0.010514063909181462	8.165255101126979e-10	0.07629995117804124	5.1328505271963584e-11	2.438742997130996e-10	8.651991965203466e-10	0.13736148846509955	2.9956233924790215e-11	6.975775836976016e-10	4.255036020951471e-11	5.061970326373981e-10	6.132111339392061e-11	0.020831630185626344	0.031650671122437656	5.894203763088187e-10	1.7239034273792619e-09	0.005967598691573818	7.335788794825349e-10	3.420289471317084e-10	4.731805016698609e-09
TCGA-BR-4369-01A-01D-1158-08	201	0.34656406046009847	0.02262618706052483	0.025009132572497	0.007945084580060336	2.4650216699922944e-14	3.274646260119287e-10	0.04425514805268136	2.6617374340298664e-10	2.54325666361308e-10	0.009487528517498312	1.187894332190565e-12	9.80421874313401e-11	0.03096195975636654	1.3790765155403605e-10	0.09838930812625536	1.3912343305170992e-12	0.36641530549881607	0.03549851268655727	6.4420951509208615e-12	5.0237644610777294e-11	1.2090312130454482e-10	0.009387115872666978	1.1043261062636879e-11	1.268253288338073e-07	3.954525792863684e-11	2.5046469270990182e-11	0.0034605284374000012	6.661424277852711e-11	1.4689277276334904e-10	6.113015219764231e-15
TCGA-BR-6454-01A-11D-1800-08	166	0.36396270652226503	0.01457774834239915	0.1952352954245618	2.8760733061393996e-08	1.3223637713488524e-09	1.6171709096419958e-08	1.26704503721695e-10	2.0833076387023417e-10	0.0003177899150232761	0.044927358819494716	3.5533320907197447e-10	2.3375163475266256e-17	0.05680859793436223	3.7251386779619706e-09	0.055267901524773365	5.538754755591414e-11	0.13889463883004308	0.03960727213928878	0.020169754813868734	3.1124927346233474e-10	0.04315376858383134	0.02173556468200886	1.0457315933581543e-08	0.005341534217196935	1.6756765681104267e-10	4.310381459767543e-09	3.522312170213716e-11	8.174877120312531e-11	2.0141107939437566e-09	1.4758473249046864e-10
TCGA-BR-6456-01A-11D-1800-08	46	0.4029049619862863	0.020186803840922314	2.8637018174841217e-10	1.405465958485082e-11	5.920862734946969e-14	3.1387881719408324e-12	6.125973024856036e-12	6.800771294171736e-11	0.14344889076969844	0.0015880942544976566	1.0002078243445034e-08	1.707620668174684e-06	0.017621134188092417	5.131047068575208e-13	1.603172482765626e-10	2.5717294416027945e-09	0.00807820926187454	5.4925973558907435e-18	3.046279842716913e-13	0.03619793697664813	0.07261605278548379	3.486727684030818e-11	0.03126400014224363	0.2660921936257963	3.1631644795117475e-10	2.5558908105534534e-10	5.05254314279016e-11	2.0231477657997594e-10	2.7405015696170795e-10	3.014259499879358e-10
TCGA-BR-6564-01A-12D-1882-08	34	0.4688217031613056	0.0055247159706528284	2.344373182722395e-13	3.794392373909445e-12	1.2303022900577226e-10	0.06384938603861444	0.24302425066357228	0.08327002916631111	2.960726896806774e-11	1.126065628424875e-12	4.583499631195428e-10	9.16076479673815e-13	0.027457646853804047	8.561491588425959e-10	1.5633594972903808e-09	0.06396415350151445	2.3144210028065437e-10	0.023025414500834895	6.779444718936004e-12	4.125960246386352e-11	8.758594527572478e-09	1.1297021857275681e-10	4.636752835447973e-13	4.4610319323921016e-08	1.0581597678098423e-11	2.019639513837803e-09	2.4148397174046415e-12	0.02106263591636843	5.306470867099294e-09	8.951908075350525e-11
TCGA-BR-6565-01A-11D-1800-08	162	0.2737377389989646	1.518607048310846e-11	0.4028991148599424	2.9622488315652764e-10	7.880482061832237e-12	0.11340161162000474	0.03187428440480686	2.1017027661669493e-11	0.002664463638752475	0.034263913285137976	3.6859373779826902e-09	2.9889565021779854e-11	0.049379960481837445	4.4292521609784266e-10	0.006809051096506331	5.260426103130348e-09	0.015278980083047138	6.6994586791700916e-12	1.6495881038224764e-09	6.89547660261466e-13	5.845209873088175e-10	1.3084817985294662e-10	0.014054743906490372	0.04959589542461061	7.046347225314435e-13	0.006040228614635544	1.4071972568824905e-11	4.315148922356871e-12	2.5861373226957755e-10	1.1757253589281235e-09
TCGA-BR-7197-01A-11D-2201-08	208	0.5251236879667547	4.346783593053247e-09	0.0069265117352223775	6.535921615417098e-12	3.6921015541628458e-09	4.807999441696517e-11	0.03178946937286938	2.4059456430909014e-12	0.006230192485318025	3.0636607162085366e-09	2.777614882531822e-07	8.62512368513741e-09	0.015349791430494914	9.877169441780072e-10	6.550315015386868e-09	3.2678140780190094e-11	0.3707818961452921	2.1512846170769736e-09	1.1308895557612206e-09	1.9647940997275925e-10	1.9346035858887184e-09	0.0020795894843469876	1.520733108018945e-09	0.03708508418329312	3.1253212859148915e-11	2.802704250816919e-10	3.5701627270109885e-12	0.004633445673059098	2.123264969074437e-09	1.703411058327254e-08
TCGA-BR-7715-01A-11D-2053-08	148	0.6461820341605207	0.0072785933565054275	6.072205606908293e-10	1.8605214797964345e-11	2.6670759473972684e-10	0.09556943253563378	0.007956977151422883	5.7734122488994474e-11	1.584023335451244e-11	2.432607293976457e-09	1.131294423568499e-09	1.3271361340125977e-10	5.3755106398314635e-11	5.352932358953175e-11	1.4901748102574587e-10	2.8512516828447842e-09	0.13914300142855932	1.0310538570148245e-10	2.3646105456026306e-10	9.906451330923552e-12	2.8052627601493194e-11	1.1970292521946832e-10	3.2287584332536884e-10	0.040391359811158184	5.0778988666460436e-11	4.4271518329457166e-13	0.006373950137985867	0.05710464267325747	7.741478085838578e-11	2.5938543289217538e-11
TCGA-BR-7716-01A-21D-2053-08	179	0.07158572593014316	0.18068247884644098	0.053147227390482575	0.0045023401322430105	0.048378567657688026	0.1120032123180786	2.3343270303993536e-09	6.871827576610007e-10	5.630630201074777e-10	0.05034856295890206	0.012750750188396175	1.0049625653246827e-10	0.16857073914650714	3.610248164248536e-11	1.4292664696050047e-10	4.797422333591837e-07	0.06687055364318313	0.05846085230642685	1.8546135979962725e-12	0.06389356789186351	1.3783155002336397e-09	0.04793585879015032	2.6067559506512548e-09	0.05605138952903108	1.622004050544909e-09	6.620350556891503e-10	4.143672023082842e-14	2.7891811345567772e-08	0.004817504607144048	1.5089416984115687e-07
TCGA-BR-7717-01A-11D-2053-08	159	0.5873392968582101	0.006511080281697071	0.11785540039279513	2.0222098804314492e-09	1.0517807543863226e-09	0.05778873471516199	7.46282453909767e-10	2.834024108130901e-09	8.737837867959097e-10	6.569387874649923e-13	2.654965712604601e-13	2.3006031460293645e-12	0.026207719884736927	2.4936445161222643e-10	9.134241895808103e-11	8.184797140224819e-11	0.19199440008979596	1.1496257200330116e-09	7.646489017355131e-08	4.63797006194574e-11	4.0307933760730044e-10	0.01230324958409449	1.6004337253073414e-12	3.1708546938417966e-08	5.856423420448614e-12	2.0195790942464614e-11	1.9392510290462834e-10	1.8017148932670024e-10	4.7076970833040796e-11	1.8301569714901066e-11
TCGA-BR-7723-01A-11D-2053-08	182	0.3406004203654399	0.016704687548671195	0.022398753138111984	0.05876519747408377	1.5296250313484428e-10	0.013021555166556937	0.01057470794460898	1.5902698639518393e-10	0.023246259879589958	1.0941298243227195e-14	8.45915440706976e-10	1.0813160577777228e-09	1.0448966186103459e-08	1.6774846201345173e-11	4.897595413287945e-10	3.348673088144841e-13	0.3636663628469704	0.026195211014904803	2.4586263391350583e-10	3.6036164658611404e-05	0.029841305381178088	0.05247962183954835	1.213488502044393e-10	3.3537222032101396e-09	1.1008351140895348e-12	1.4123894052087632e-11	5.944090940152576e-10	0.009458608951797821	5.386477622316134e-11	0.03301125470437931
TCGA-BR-7901-01A-11D-2201-08	183	0.3375645832602411	0.03132623258982371	0.22458075625120244	1.6937657707514345e-08	2.5661336526139383e-09	4.0852023249435057e-10	0.03145865612304971	2.5605712404900004e-11	7.078524406212285e-05	8.191048027788674e-11	1.5540233784278093e-10	0.002456007043157785	0.01079189069326644	3.0637838338611972e-12	1.2883097728742353e-15	1.4243519437668783e-09	0.2873246782174931	3.452586200399074e-11	3.048165225161591e-11	1.1494676294407272e-12	0.012350289345498637	0.06207609538490647	6.160879961303604e-11	1.815757261815123e-10	3.6953674790604686e-09	2.2086191016205667e-11	3.998535144804593e-11	3.6419442840575604e-11	6.720550234094723e-11	7.424599499228673e-11
TCGA-BR-7959-01A-11D-2340-08	107	0.3851955623745611	0.043006375774508686	0.15692172590219267	1.7992829939823202e-10	3.7253385896632536e-13	0.21282661158631683	0.0070324080138721885	8.943101493111592e-11	2.728205622412565e-09	0.01422501956424997	6.860266441252507e-10	6.428205593573937e-12	0.023328452634460387	1.2722212346472581e-09	4.157621330840996e-09	2.894209177823106e-10	0.10819195968354443	5.172011849223024e-12	7.348044670126764e-09	3.934178279836908e-12	3.935486338221853e-12	2.5536277722292924e-11	5.357510453316848e-09	0.03652520410311216	2.9558354024248906e-13	1.112025057013985e-10	2.9981672164858426e-11	1.0331298102651066e-10	1.718666433317093e-10	0.012746657792733517
TCGA-BR-8077-01A-11D-2340-08	126	0.533696818712085	6.648622002933585e-11	0.1366514440596607	0.031377738522037256	1.7828092114605739e-10	2.525719230815998e-10	0.03349770932266614	2.092738314709083e-09	3.7327365135105014e-10	2.124876546914212e-09	1.0390268422029371e-09	6.703464126882082e-10	0.054723900738878964	5.844292905305547e-10	0.1274563668592335	4.0386135816222376e-11	0.04764764601227983	0.012796806052163665	4.154563183819405e-11	2.2558450446883142e-10	2.2171687215334996e-11	3.000944711040442e-10	4.005911451254873e-10	4.334774886510115e-09	3.1083940177149806e-10	1.8101112693795008e-11	9.229725603074947e-12	0.022151555421601216	5.386147243476329e-10	6.754303295145262e-10
TCGA-BR-8080-01A-11D-2340-08	208	0.3490380484287921	3.4076575127320006e-12	0.002997126496002538	7.029749158666929e-09	9.539882384710633e-10	0.11751572011375724	6.126810942945209e-11	0.058431471628251096	2.1095722371045163e-12	0.012069424020722764	1.0782477556251622e-11	0.01534333440021012	0.02436045882207891	5.770347767313728e-11	0.05315013089483661	1.2129714346281106e-10	0.27341711894137866	0.04466527832247519	8.362860223351823e-12	1.2040798931720513e-09	6.744491741472078e-10	2.8954468864339782e-08	3.853442054020694e-11	0.039697050118316646	3.4040448580573956e-09	1.161066933909268e-09	1.5749364445117928e-10	0.009314793504133747	2.098066219784193e-10	2.5643121226933245e-10
TCGA-BR-8286-01A-12D-2340-08	165	0.4456759370556152	0.03426328692599866	0.11729720164784176	9.307471512879387e-10	1.188944694353002e-09	0.01852875080498761	0.051184000809760696	1.1650290416920702e-09	1.9517202542081122e-09	5.04322858491082e-10	8.359922103332614e-10	3.941943355550199e-11	4.914082590585814e-10	5.871505449995578e-08	0.024926521237022953	1.4762719015208192e-10	0.18146977088884914	0.055980225096411644	8.140734095530451e-11	2.737792527675262e-12	0.028626307647964328	0.0169046954874341	5.9168995878750985e-09	1.611701267136051e-11	9.60944037782495e-11	1.6944417027264954e-09	3.164053561564335e-11	3.0045317897942826e-10	9.348941100613956e-10	0.025143227353162555
TCGA-BR-8289-01A-11D-2340-08	233	0.21242683950063768	0.0069393846750924896	0.11466062972779477	3.913394183709075e-09	5.473878553605315e-09	0.1634407839788101	0.031149805689262525	4.502579416183142e-09	0.0207654929609796	0.0021957108158129858	1.8729739626220505e-14	1.3022818815846641e-10	0.022847367768465965	3.948299609345477e-10	5.58412033346726e-11	2.5461741305287387e-10	0.3249427624458431	0.0006235246037763422	1.4076928678004199e-11	1.0797078536208153e-12	0.021815624449237993	2.1142073003364633e-11	3.0901559890994696e-12	0.06771538893812998	2.018215174218834e-08	1.9979185346006937e-09	0.01047664485654302	2.424912843384104e-13	1.6160763205739147e-09	1.0284479592163062e-09
TCGA-BR-8295-01A-11D-2340-08	57	0.3251101890989693	1.0962223501481993e-08	0.31513020872983516	6.954595054711725e-08	1.338385788545085e-06	5.646149337548634e-06	1.2651126311556657e-07	3.387683974309722e-07	5.9150687418052e-12	3.314247836423495e-07	1.0941534660288258e-07	2.7123878218882653e-07	0.06066819442173755	2.8868568784494436e-09	0.06651377028324311	2.7629430233331354e-07	0.22498904637572076	1.0717359430549096e-07	4.146600979176198e-08	2.647818084026633e-08	8.585581512799178e-09	4.429740031414498e-08	5.013603520420425e-09	5.549191643073505e-08	0.007561063558288427	1.750677250873184e-08	4.623424744031396e-08	1.854901481564863e-05	1.0467466801063862e-07	6.468019861616066e-12
TCGA-BR-8296-01A-11D-2340-08	89	0.763331018596243	0.017852483474540624	0.026873581307527726	6.86733285703529e-09	3.7033133239563694e-10	2.1967824545958837e-10	3.123781346108494e-12	4.812662517790169e-12	2.1387370134969778e-11	2.9070534857681114e-10	2.3995545312665368e-11	4.027676591650979e-11	0.13352980280122728	5.275094075229211e-10	1.5869741468544394e-10	5.0869600733860354e-11	3.3062119580679487e-11	8.300336676109861e-12	5.980226224500476e-11	3.7743126976319234e-10	3.724432682322878e-11	1.033902956728612e-10	2.6636207487925825e-15	0.03781824223812678	4.041911136171627e-11	7.063288815796747e-16	0.020594837253089453	3.7949853582579236e-15	2.5083105213750992e-08	7.762862601253997e-12
TCGA-BR-8297-01A-12D-2340-08	325	0.2292121306849383	5.207160691709073e-10	0.05369762515157135	4.6679248116932386e-09	4.54401410869351e-14	0.002052854645371349	3.432711417337879e-11	2.4266602627145516e-10	0.0321472937681542	3.571333801293593e-10	3.7012328504283654e-10	1.3899174027834015e-11	0.03273624205044397	6.782688540757286e-09	0.11508159481586343	2.3021520999400363e-11	0.48421995446031413	1.108749702636843e-09	9.846789146309093e-10	1.204883810647617e-10	0.00027803421732156523	2.0963444857897646e-12	3.694927482651299e-11	0.05057425452614685	2.846954331485932e-12	1.6017626155670984e-11	6.71953712766496e-13	3.0034726915614724e-10	6.872993180511796e-11	2.5753146869155688e-11
TCGA-BR-8365-01A-21D-2340-08	31	0.6662775940839074	0.05565751129993907	0.03471328290177599	0.10158476761871311	2.8400629492717086e-16	5.674553762167495e-08	5.035746390422404e-09	2.1239401280604156e-12	0.08204824000715716	1.6271054393382636e-08	4.0928200091113373e-13	4.4250102162643253e-14	3.544544655899246e-14	2.496017744518635e-10	1.1755363088431337e-09	4.236966303400224e-14	1.5767916421197082e-09	5.694598397803751e-07	2.1695538568174656e-08	3.1628299767604643e-13	7.393766744800175e-14	3.742750557446475e-07	4.2357881261939637e-10	0.019604665793417443	1.498202338200537e-08	2.615017280697567e-15	1.0572012486794146e-09	0.04011264844140885	2.2690260229034057e-07	5.248224683735681e-13
TCGA-BR-8369-01A-11D-2340-08	225	0.4966013354716821	1.0937063215559659e-10	0.007537254517318842	3.73905778623509e-09	3.496465277115013e-09	0.045136764941958105	0.009667717318090251	4.104993690869701e-10	0.062480027252133516	9.242149828220402e-11	6.287212793223278e-11	3.5476880551121606e-11	0.015358548434297436	2.2883442671586297e-08	3.871885151246481e-10	1.0173589436650089e-08	0.25888483012525515	8.012526390581723e-10	8.396801042550517e-11	0.025482985567472426	1.88404622807081e-10	1.8873582229610824e-10	0.006164011671982703	0.06910641667363704	4.894767776615948e-10	1.583213867211866e-10	0.003580058561085927	4.4963045383382737e-10	1.7413945151026046e-09	3.973518049187048e-09
TCGA-BR-8373-01A-11D-2340-08	102	0.2966861250401757	0.04319272566786438	0.0820204380771501	5.489724901482304e-12	4.5861556630469234e-11	0.24716212877486668	2.8171373015933465e-10	8.930530110285203e-13	0.0937907344440268	0.11268727324801522	2.23475365616633e-11	1.9465080550907653e-10	0.020334204140435106	1.4027987621634776e-10	3.37274125666476e-11	1.1452010964922656e-09	0.07216299869611409	9.853649643402007e-12	2.4780165375719364e-10	3.3856617348733235e-10	0.018748657666612798	4.439539813934132e-12	0.0025947786276250343	1.0012617323910177e-11	9.282218838316563e-11	5.352380362376921e-13	0.01061993264635052	2.4025243667349534e-11	1.5269381342131523e-10	2.1984870975575521e-10
TCGA-BR-8483-01A-31D-2394-08	150	0.6060420677876299	3.917219636583005e-11	9.278883071002281e-09	0.04013550619583489	8.969637700048965e-09	0.00046627262569903436	3.918200977041222e-12	5.412854489407572e-11	0.029450149597910907	2.2597823987039178e-10	1.176933602286218e-09	1.2915000793251056e-11	0.0030546939569777876	2.432275055845792e-11	4.0450550830161186e-12	3.458799080123403e-10	0.10456937848154492	0.07886269581854762	3.7694837082048014e-10	2.232327821252909e-11	2.248712741599394e-10	0.058738699011815075	0.024801900470808682	8.205300612958646e-14	3.045011373558768e-09	0.00884551241455225	5.656850823970807e-15	3.683422715115801e-10	1.2284873908753652e-08	0.04503308718040636
TCGA-BR-8484-01A-11D-2394-08	103	0.44442000871387743	0.0037785117052908405	0.09891846819833537	1.7906847235374104e-09	1.3906580500658221e-09	6.8459178006045365e-12	3.414027293233957e-09	2.0496406955000115e-11	3.7151241583683774e-09	0.00789388724340494	0.04821626590822324	1.9473779626881244e-09	0.0224360444435618	7.722269397444679e-11	1.7110493654478737e-10	3.049075253560042e-11	0.15722983651837844	1.4866905213877977e-11	0.012759207682626545	3.0813721827664885e-11	0.021576631184147373	4.849444593000974e-10	2.4029144695078567e-09	0.043223454896286005	6.686300484869203e-11	3.6636664451611362e-09	2.7080601038121505e-16	0.07253252841096779	1.4544253454205455e-14	0.06701513586678351
TCGA-BR-8485-01A-11D-2394-08	358	0.09958403072228408	5.203360343483542e-10	0.09449297369956623	1.6733984894422528e-11	3.15917697392494e-10	3.086396877912139e-11	5.01068489444499e-10	1.4497380030666455e-09	0.048181380051778175	2.0237479331075251e-10	4.171255385664876e-08	6.251325738476486e-09	0.012444881392854023	3.542726285756131e-11	3.4396503435967547e-10	2.443689047600439e-09	0.6603959217697003	7.022584609122546e-10	1.7638960686081077e-10	1.1327529187321161e-12	0.04984005515439052	7.589561673449855e-09	0.01813801342512773	3.326266447118965e-09	5.734934638193813e-11	5.336487590006979e-10	8.282983336974392e-11	2.0825836962998326e-10	0.016922677261281348	2.132843888334646e-11
TCGA-BR-8486-01A-31D-2394-08	121	0.21290500573093873	2.3007544647108405e-12	0.05942968514754446	3.599759335864275e-09	2.6870494300964392e-09	0.017526526512105366	8.509011643895824e-10	3.50541436651338e-09	0.04415041981437077	8.396644810972153e-11	2.098910155877911e-10	1.2072887338402573e-10	0.02210810068315562	0.08983261297962405	0.0316048543524824	0.039009283375776214	4.073156170703305e-11	0.019276006549569034	1.9122745613247533e-10	1.3945755441478183e-11	0.04900936889153314	0.08194662586493037	4.528365309704595e-10	0.05504307018554058	0.07660711256157937	1.2072710303802325e-08	3.268501504378665e-10	0.011685248129576305	5.185185280206801e-09	0.18986604987777517
TCGA-BR-8678-01A-11D-2394-08	128	0.5792775929964109	0.042101175782556205	9.709926525817513e-09	3.6454074920931206e-08	5.6088122097038876e-11	1.1688967429096713e-08	0.011814808175804149	8.173016940139788e-10	0.004856718763298639	0.08251935197842505	9.450946809662031e-08	1.4282392704854276e-10	0.07258672231071199	1.6735248318639325e-11	1.3764711982106541e-09	3.823559037814838e-11	0.06111913273852641	1.626550840229744e-08	4.3389751311894994e-10	9.34414832545986e-08	8.968654741824046e-12	3.158947728058608e-10	4.619797943618785e-09	0.00023870124897091324	1.0918633399904884e-09	1.1770377794397158e-12	4.5411463655702685e-10	8.860644035133568e-10	0.14548551614481922	7.531614001374404e-09
TCGA-BR-8679-01A-11D-2394-08	179	0.6343222757781564	0.05480430546508961	1.3122061035963929e-09	3.847586717526037e-10	8.968587558797866e-11	0.09161165007913132	3.147110726551306e-10	5.296894090007104e-11	0.0052650977899968854	5.204236488520718e-10	0.005310528158402849	1.3072048290958214e-10	0.006313008681575872	7.313589333833374e-11	2.1010756637187477e-09	3.288413993897834e-11	0.11742582368040921	4.350104370466569e-10	2.9448193533049814e-11	3.116330071587632e-11	6.161976696106642e-11	0.026722868819151167	1.1419407597003674e-09	0.029396262661926454	1.5713993394176815e-10	5.882566354125421e-12	4.1346763438193e-09	0.02882816643690646	5.710962631008387e-10	8.687055433467323e-10
TCGA-BR-8682-01A-11D-2394-08	87	0.9028667580069804	0.00606483002933093	3.528512104115449e-09	5.799667935144241e-08	5.960049347682957e-08	3.36330401381349e-07	9.818712200802353e-07	4.2451658503913977e-11	1.021494714680107e-09	3.722769740997542e-05	1.4300270803085694e-08	1.6256373017321518e-11	0.024927193405770796	8.639329101154688e-08	8.432714771605314e-10	1.2613893078015545e-09	0.041334189167629494	4.910124030033708e-09	8.244675297497212e-10	1.7339584871430016e-08	6.24410361887013e-08	0.02350666563938756	4.700448541807588e-08	3.8329770212455396e-06	6.474323268481124e-10	3.51069412572412e-08	0.0012570028713286433	5.119395601588348e-07	7.801951895161351e-09	6.898382544757086e-08
TCGA-BR-8683-01A-11D-2394-08	180	0.5521657861915938	0.024293457697664743	0.1392501336461142	0.0727959582687418	1.189608907702208e-08	7.3591209397255354e-09	0.024092663471980455	2.6336458674345927e-09	8.567871487468008e-10	0.012716176897419693	4.3527272148278614e-10	4.061028032036286e-10	1.5422739404371663e-09	1.1630109725870416e-09	0.07236929780420288	2.08694065807754e-11	0.010865950716024187	0.03371631964172043	4.436689054558911e-09	4.96330201234543e-10	1.4296091453965146e-10	4.4327384703598646e-10	0.0018673269716650736	0.023510438332852775	4.3268114934784373e-10	0.024152951433437025	0.008203503321360864	4.514353343719326e-11	3.1263757750770093e-09	1.685946869341926e-10
TCGA-BR-8687-01A-11D-2394-08	219	0.1251233228686805	2.388117174850671e-10	6.868152549009025e-11	1.137414843358501e-09	1.7569894106998756e-11	1.7859929630412911e-09	2.7036579728681355e-11	5.984413544823065e-11	0.0071616037375341205	4.033772108649953e-10	1.6995657300901335e-10	8.068758983235768e-12	0.011274100955183093	0.0636933351864077	3.850818331994694e-09	3.7238863014507925e-10	0.6574566581927541	1.661594908596465e-09	9.398321510255056e-10	9.833632118861238e-10	2.5374865715256283e-13	4.3711801606728223e-10	0.07026403795903878	0.02203597213665124	1.8235642658551752e-10	1.0359284136275947e-11	2.2716696090487066e-13	9.798006909929763e-11	0.04299095570816965	8.025348554828094e-10
TCGA-BR-8690-01A-11D-2394-08	174	0.3682120977273068	3.4604375100020465e-12	1.3702611887410327e-09	0.006150854043987594	3.9809585913337705e-10	0.11587939160201115	1.366883125438522e-09	2.6238279508779566e-11	0.04155461485862713	0.007966933238042994	3.915157255785017e-10	4.392404933159832e-09	0.053941206358449095	0.011807632356342088	0.0105423595856865	1.7841686977229027e-09	0.05539492753969872	0.10513920399996833	5.263260421194748e-09	3.5268728279026816e-10	0.030533132429842447	0.06028772427150538	0.005633848969435817	0.085065328343669	6.048385149573262e-09	2.67230269466033e-11	1.262115796962654e-09	0.041890713759363485	7.143491116669869e-10	7.515514393939484e-09
TCGA-BR-A44U-01A-11D-A24D-08	110	0.816462012067745	1.370988698000569e-10	0.04469522364150924	2.4031479988444094e-07	7.93287215860181e-10	0.0329257201718181	1.0368695966881546e-09	2.222845465212698e-10	9.676609218157228e-11	2.803911605936421e-10	4.900281696084694e-10	1.4640184048037564e-11	0.0030949301410727412	4.403450029271145e-10	7.343913816172413e-10	6.201648592232276e-10	0.09467381800354026	9.555791922361598e-10	3.4235564644292834e-09	1.5035173393964472e-09	1.782025995866447e-14	1.051564326757992e-09	5.030263316253894e-10	1.236456271102441e-08	3.2907210249494835e-10	0.0	0.008148029668133527	0.0	9.14605653761113e-10	7.961201688561791e-11
TCGA-BR-A452-01A-91D-A25D-08	127	0.2795052429741599	7.929025538604939e-09	0.06417336887456705	1.7801302769943302e-13	3.9699124960157003e-10	7.219836118656597e-11	0.11562695303815154	9.691711114903164e-12	1.6409232154084573e-09	1.0620762446078793e-11	3.90325767493938e-11	1.776153981144562e-12	0.1886151661374913	1.600999911972225e-10	1.8305254357486668e-08	2.1246106664990795e-11	0.28064007485574477	5.929236732247177e-10	5.2143074941687526e-11	2.95312075520679e-10	1.852530216936278e-12	4.2478408857095024e-12	0.022714717384928303	0.0487244458145334	1.6265228083953317e-11	8.818419513489098e-10	1.1946325995952141e-10	2.5500744782725667e-11	7.864091785806053e-12	3.359711075425574e-10
TCGA-BR-A4CQ-01A-12D-A25D-08	206	0.6408625066139577	6.411712004077386e-11	0.009468141141640038	0.09621373324424372	0.05959914127816662	6.560834957310558e-09	0.027664604031278593	5.776165372545109e-10	1.4736338809173968e-14	2.3219255420909796e-10	6.66996209850033e-11	1.2445902254315158e-12	0.03297160461002847	8.672222539164693e-12	7.694653263429731e-10	1.2825323261194475e-08	0.08248451559079689	0.021339464021661467	4.1354491677427127e-10	2.7563261691378825e-10	3.9192365991443e-10	5.6206377066670326e-11	0.010799047464919219	0.006395555462309374	5.347187736875906e-10	7.858943885350138e-10	2.186799313725896e-10	3.3635795465524056e-12	0.0038116966893252994	0.008389966065527202
TCGA-BR-A4CR-01A-11D-A24D-08	75	0.2557003001541553	0.017120917352672994	0.10080052225915728	1.0425004453950307e-10	6.491826470551298e-09	0.2863549791554935	0.0599841928918735	2.235927760453043e-07	5.671171769702233e-12	1.512831663583453e-10	0.030747523421403758	1.2096940801437184e-12	2.767685847200717e-16	8.922838682475321e-11	2.7835886110897627e-12	2.220560874537719e-09	0.01817377952224108	0.09369632077257901	8.633509245292283e-09	0.06458189064397842	2.6999255768348395e-10	0.07283932185124169	4.339402945406952e-09	7.287222029721987e-11	2.405760779220535e-09	2.026935758107624e-11	2.762982683233729e-12	3.907829238219814e-12	2.3175450172837753e-09	1.2495908380685236e-09
TCGA-BR-A4CS-01A-11D-A24D-08	179	0.554437986935826	4.3793067591133674e-10	0.14458987429141537	0.1000019833634303	2.1299744417878806e-11	0.010446360853057057	0.051566954617960126	8.530186145417824e-11	1.3550565681270178e-10	0.04656406200663798	2.855418838336044e-07	2.1246625136306188e-10	0.04914412303250517	2.0315542825161064e-13	3.917625353354641e-11	1.4213016350714381e-10	0.018659801268009785	0.002485525123021095	8.043104514302065e-11	3.5359485869721466e-11	1.731660141592308e-10	1.6087565854442154e-10	8.108576805952492e-10	1.0113411867057269e-08	7.340929148278769e-12	3.585944127740325e-11	4.257303948368827e-11	0.022103030019513636	2.9602304676189465e-10	1.1682756986910358e-10
TCGA-BR-A4IY-01A-11D-A25D-08	170	0.47797271926225865	0.013053763260552962	0.32057643120355234	7.005137114703112e-07	1.6787302077055153e-08	0.006121369256317072	2.133572479814188e-09	4.068780575612172e-10	1.495910828291478e-09	2.3198810506437678e-09	2.5762602197635136e-12	2.7849616233964706e-08	0.041884407569471586	1.4227463942877042e-08	0.005427701551080561	1.9883625344602743e-09	1.49794308041558e-11	0.03746956887924822	1.6300166033473943e-09	0.012972570690180006	2.385041343290693e-07	0.009315410753172899	5.3781453703848706e-11	0.05721323662708385	0.017991669239992535	8.599137038946494e-08	8.757553181792049e-10	1.3074027435861506e-09	1.8377209242234066e-10	5.542060188023037e-08
TCGA-BR-A4J1-01A-11D-A25D-08	78	0.4093996411109458	0.0629875329458098	0.19690813797337864	2.7748003968130595e-14	5.534580461805254e-10	2.71905873860828e-10	2.40691382523818e-10	2.510481012171578e-10	7.402081799727086e-11	6.220391262331309e-12	2.2996692638499278e-11	3.3539286888879553e-10	0.02246148734471281	0.0565191762584717	0.08613652397897864	2.1649285171588277e-09	0.07186085410998704	4.496886569270468e-10	1.0303062906945537e-09	5.820926205655395e-11	8.84356152915006e-11	8.766903335022565e-12	2.439945058664082e-12	0.08188922053868848	8.879949743417109e-10	1.7185260433726928e-08	0.011837393152867678	3.069464975474321e-10	8.611859700049266e-09	3.556071788861161e-11
TCGA-BR-A4J8-01A-11D-A25D-08	111	0.6950927890870308	0.08019764038147996	0.0036697042755940196	3.54422818202691e-09	5.546360527032216e-10	3.004368287440167e-09	1.3535427964289627e-10	5.243003925016323e-11	1.0536110468962544e-10	1.1266069777070248e-11	7.068316284491683e-10	1.7948748515337678e-11	9.697620302303243e-12	0.025612605897787674	4.165064740974197e-09	1.3330112925034502e-10	0.06259337105513244	4.295851434466735e-08	1.227728184278591e-10	1.499981527695405e-11	0.07592286795310081	0.04485423252611716	1.1572302570741406e-10	0.012056674057958837	2.593839863780387e-10	4.3856483650453644e-08	8.660015550991371e-09	2.656350751435675e-12	6.259315289741311e-09	7.544556400555215e-11
TCGA-BR-A4PD-01A-11D-A25D-08	179	0.1458241976843412	0.036488782310534845	0.06580685127226552	1.163417214048145e-10	1.5171907429953134e-10	7.794723649080439e-10	8.59653247208443e-08	2.2593136865842024e-10	5.065482380979528e-10	7.077427347538088e-09	0.008994786025792992	0.000780047999190149	0.011607531254774088	0.0009804737059578602	0.038762157974082535	5.866240622018169e-10	0.5240026922472625	1.0001017580395848e-08	2.421059954216962e-09	1.1628126987461554e-09	0.0443292049662073	3.0552965327572474e-12	1.886968379435668e-10	0.07401300228679647	3.932646473615291e-09	0.013964531203041327	3.338339861692489e-14	1.811914923077803e-10	6.257026880411581e-09	0.03444562151282361
TCGA-BR-A4PE-01A-31D-A25D-08	248	0.6141805677073384	0.0029576774606538997	0.005145625705201117	0.023837563102892572	8.603417836506683e-11	1.1344895984196422e-07	0.02220693847551203	5.21113093699633e-10	0.014288912033512942	1.6688256154463595e-10	2.5197254282737625e-08	4.789974183634325e-12	0.010881207162873666	2.3069953633406843e-09	0.028218971774360113	1.7757912935038234e-10	0.13140257581449738	2.7313104298071235e-07	3.799009714238764e-11	1.0327057834192604e-13	1.490009966780437e-11	2.2343189003674472e-10	0.027851466624449647	0.03618827848795212	0.021984023706514217	1.0870648377070827e-10	2.5734604829740735e-10	4.8667677836863026e-14	0.06085570112028773	7.514077631744737e-08
TCGA-BR-A4PF-01A-11D-A25D-08	121	0.43975132143309564	1.7740987927725623e-08	0.1000658134439459	0.0568317435416097	2.1851432893101693e-11	0.04231779846040693	0.039378618823471614	4.9399530760757534e-08	1.1197833455227266e-10	6.55807158861702e-10	9.353970432433388e-12	6.358417187255839e-09	0.02954648480538596	1.7833114633618194e-10	0.14295588208143442	6.037731567379696e-13	0.027097549104262944	0.10076293283536766	8.080858677064152e-09	5.77348563219069e-11	7.070099295518321e-15	1.1018115771232672e-09	9.752058653165489e-11	1.3939561057172004e-08	0.02129174772496228	9.20925479487338e-09	1.9154749149901426e-10	1.5192345284701927e-13	4.3540232274982625e-10	1.5534499562766276e-10
TCGA-BR-A4QI-01A-12D-A25D-08	148	0.466826991430381	0.028568738507385814	0.0884948322158949	2.3939634369285186e-08	3.3637493359558503e-09	0.07404014992415757	0.02596026299042751	1.7070392884434063e-08	3.796984148640545e-11	2.492483983500386e-09	5.867409455795893e-11	5.205542338122045e-12	0.011275230766635114	2.0259119132363024e-10	4.3429577966612836e-10	1.4370504117862075e-10	0.18508107354418435	0.06913225701591837	4.777690097562754e-11	1.0935088145029961e-10	5.159319746350346e-10	0.04801771066545878	8.935818981707767e-11	0.0026026987155746673	4.440935049622141e-09	1.101619243341635e-10	6.803105594722345e-10	1.9011664815457203e-10	4.241560155496645e-11	2.4892215662278773e-10
TCGA-CD-5799-01A-11D-1600-08	45	0.5090401576540164	8.534000813464416e-11	0.010408902793605982	0.0983393355889718	8.498590668081786e-11	0.034714011500779546	1.694574626745512e-09	1.265452071862238e-11	1.0669419512176622e-11	1.6664675523393056e-10	8.605591410885099e-12	6.142636082331422e-15	1.1362722741499925e-15	2.279484382508423e-10	0.20188124600138807	1.6964907657963846e-15	0.039276940240126734	0.03636326513827609	1.0896971388332859e-09	2.311893139506083e-10	0.006670029182162504	0.06330610307751343	3.97172170288703e-09	1.772614749724877e-10	3.590216334741149e-17	8.299725825818338e-11	8.745183304433227e-10	5.829521563399291e-11	5.380130480680433e-13	4.550661414846177e-11
TCGA-CD-5800-01A-11D-1600-08	198	0.5426416959349132	0.1405886476466725	0.131150416185101	9.02915579477455e-13	2.145347131189349e-10	0.03839712254726289	0.030129268913831813	9.444800747191049e-12	5.514054107025273e-10	5.807383481212189e-10	0.010073966410871963	2.4954288514513135e-11	0.021274853749979217	4.050341130705285e-09	0.03698289584854123	9.419930976322004e-10	0.0006531193292226733	0.01785114436002191	1.8176953494866805e-09	4.2855811845996425e-11	9.271088898196331e-14	4.253190160758685e-11	8.407463774540353e-11	1.5146194744034627e-09	1.6040806232424673e-11	1.5228516462878832e-10	0.002007982789806839	0.028248875560799545	1.2788745966884e-10	5.50577105053493e-10
TCGA-CD-5802-01A-11D-1600-08	63	0.5472234299198607	0.21743959733496662	0.018165213038233933	5.478533397254483e-11	2.755439119965848e-10	2.7498811802897074e-08	1.872078184336174e-11	9.767827130483357e-09	2.075747423840421e-12	0.0009882245447504455	1.4086875340231536e-08	1.0555073576314788e-10	2.9200221495033673e-09	0.02647120872565127	4.64720013937205e-08	5.134674254351917e-09	5.982599752555959e-14	2.0000995214101802e-10	3.01186437058742e-10	4.273362619683314e-09	0.020207304085648414	4.386318040774274e-12	0.11928263136995439	0.05022219611076385	2.38688980625507e-08	8.880390248165186e-09	5.920856260841204e-12	3.3312226976241795e-08	2.3267391627590516e-13	1.768660790234991e-08
TCGA-CD-5804-01A-12D-2053-08	87	0.7749188178514315	0.03247263383034743	4.706560829939866e-07	1.4964896199751766e-10	4.2791048176522094e-08	1.4572038029337085e-10	8.042373285647134e-11	4.00094911595151e-08	1.0407971015606302e-09	8.763100967573181e-09	1.7311680045150977e-10	1.073742356759486e-09	0.04407486684715666	9.406751293055e-14	1.4013847790629061e-08	2.039716489398118e-08	1.5680345692327156e-09	0.04558557731823717	4.3868945168755876e-08	1.5093914224044006e-09	8.808296717576786e-09	4.329300323968955e-11	1.0125321721551241e-08	0.02400281381964804	4.9513195498144254e-09	0.03543347333586315	0.013769946416241742	0.029741190864969107	8.852943575641493e-09	6.94280216744939e-10
TCGA-CD-8524-01A-11D-2340-08	176	0.7178964209681936	2.5346652281863747e-12	0.03455952966896372	5.12600397272834e-09	9.051296519142669e-10	0.04031678856253723	1.0812061706568863e-07	5.512518535225186e-10	8.838275097616877e-10	4.48063205856142e-10	2.7563673502759512e-08	1.1522208648214028e-09	0.0062508040432544725	3.647281907605033e-08	3.7183596847921544e-09	1.3704714286275475e-11	0.08195331295139589	0.0004283403231782757	2.6487236551168835e-08	1.085513610086253e-09	1.6923305499041862e-08	8.129773834861489e-11	0.023405014554162874	0.09518953140520532	1.0690001044802815e-09	3.295052192056188e-09	1.8076681330063732e-10	4.791451722740528e-10	1.8617559467030274e-09	2.1101829262674027e-08
TCGA-CD-8525-01A-11D-2340-08	87	0.43819167792172453	2.756716549201375e-11	0.04887682980256903	7.893465341541758e-11	4.518396294600911e-09	1.404747835465133e-09	0.01581339200843697	3.7480274984728506e-13	0.06785832024806755	2.6781704614012165e-07	1.4249533868471882e-10	4.68161552114457e-10	0.16640268576667794	2.6615966633788564e-10	5.3259169585213976e-11	0.09326523294917562	0.08796267882934102	0.05682843535334194	1.1124890282987855e-11	0.00442474821749794	4.675040959057619e-10	9.547126044879671e-11	5.874877579584036e-10	7.839105412583565e-09	2.99976064929201e-11	0.009344764991399345	0.011030666489167833	2.7924247900636836e-07	3.892664039822812e-09	4.796237839739582e-10
TCGA-CD-8526-01A-11D-2340-08	55	0.4451776277192106	3.8692224385781356e-15	0.04649158918206697	2.0548382016384306e-08	7.104085136790015e-11	0.18765377499868766	5.932849380323241e-10	2.760843508501838e-10	9.850441532767414e-12	5.636163941833176e-10	0.06844099583574101	8.16441474196202e-16	0.07382371578791175	2.510506739801428e-09	1.855173898754189e-11	2.749357635479135e-17	2.645663585643641e-11	0.06667785650836813	5.7201015709702785e-11	2.750285264553672e-10	0.0025479987025608356	0.013241258724383923	6.863313830477265e-12	0.0959451561034357	7.129956610695445e-12	9.03751540575877e-16	9.660855642363292e-12	7.355764083196443e-11	1.2477021501676302e-09	1.4271009740421242e-10
TCGA-CD-8527-01A-11D-2340-08	296	0.4210805940001659	1.3190623624119637e-10	0.09295301262868337	0.010028018701399096	1.7188153830356932e-11	0.3208229771802588	1.3614872281646238e-09	2.7522259389613346e-10	6.554632173188308e-12	4.604856222348836e-12	3.056708217013585e-11	7.854176736135458e-10	0.0018630283094886418	8.814616561896595e-09	1.6112285640517742e-10	8.36148151128993e-11	0.06647211698114526	0.009327264434848125	4.773571316439942e-10	3.7309094956656707e-10	0.023358266050974883	0.009678103878411786	4.673980648392835e-12	3.781335830615551e-09	3.0322816104985875e-11	1.9528596053190237e-09	0.002428516294919558	1.650996105389697e-10	0.0419880826431879	4.394742013561659e-10
TCGA-CD-8528-01A-11D-2340-08	127	0.6217971405645148	9.220273779403813e-11	0.005032840572007615	0.08081001472486533	8.73405420194668e-10	0.23510234043106584	5.553797612054575e-10	5.149673643839667e-12	0.035479507508145235	1.6289066706503043e-07	2.0266623042070187e-11	1.1537295065011724e-09	0.003567400205574346	1.6057009225267227e-10	2.0829883883338983e-09	1.1391677202687842e-12	0.0042111999937539295	3.0506411782667355e-10	1.9240808893531607e-08	0.0011493479926160419	1.4152694034528498e-10	0.0041281217599316395	0.008569326594478743	0.00015257164129803952	3.6184493239220556e-10	1.606550329318977e-11	1.3318738387275965e-12	7.63532863686345e-11	2.6279906075266122e-14	3.322783000237804e-11
TCGA-CD-8530-01A-11D-2340-08	96	0.4502671905903234	6.369441356969946e-11	0.08688379873216967	2.226128355339215e-09	6.859880516517121e-12	1.2791322655990634e-09	6.107363792616659e-11	1.906848049870888e-09	0.019679258283174187	0.005752410623155973	3.065023145235424e-10	2.9374599071915053e-10	0.0555816970806691	0.021214361028844567	1.018224060919098e-07	4.864808206450635e-09	0.28085863323545707	0.0703664614627497	4.997112595354101e-10	2.6913972915650664e-11	0.006509885352962319	0.002886186409061404	6.237575085076191e-11	1.389808916197671e-09	3.958794142997984e-11	2.465497341628327e-10	1.5506321428466274e-09	3.763789130010816e-10	1.7539112456425493e-10	2.8835257738685695e-12
TCGA-CD-8534-01A-11D-2340-08	66	0.6783805378380158	0.18418513925681873	0.024512134319110174	1.8713292625831173e-15	8.801563437445338e-10	0.07602880037819339	6.551933236954522e-15	2.0547381892072117e-11	4.5817082536638126e-11	4.221145591963723e-11	1.1784260760335805e-11	4.572063544031941e-12	7.771262380150551e-11	2.3715192946008058e-11	3.3758260130276365e-10	8.083880445634435e-10	1.1799122720599738e-16	2.2621438075492389e-10	2.397662240511684e-10	2.7136478361485385e-10	0.011920575192206625	8.574757475891061e-10	4.5650178467943754e-10	2.6897199507695214e-11	5.583289549485935e-11	3.1328014403674276e-14	3.0299086486728256e-11	0.024972804698093227	3.7489435713465765e-09	1.5173947226453263e-10
TCGA-CD-8535-01A-11D-2340-08	313	0.12375883220492451	0.030608742116058803	0.08113863913617654	2.0323217414252002e-10	1.6546942415728033e-10	0.16648942235996406	0.08542932726010503	1.6140795775922145e-11	0.009725961049481657	0.010234818091717984	1.83582534797233e-10	1.3817585186735155e-10	0.005903236293987652	1.5997404346922583e-10	7.799450822353691e-09	5.594320890042872e-11	0.4353055100825167	1.0308622208157236e-09	7.193217126869446e-11	7.905983588162242e-12	1.1319277118296823e-10	0.021197024347535624	2.0021013247427046e-10	0.03020842977425169	1.3264113444416472e-11	1.2445533580469007e-11	2.2982016012227694e-10	4.612116248998423e-08	2.1756108476123726e-11	7.387594043613969e-10
TCGA-CD-A486-01A-11D-A24D-08	104	0.6889220251826526	4.190907696645982e-12	0.00847776050498894	0.008459709348502608	3.817264554724259e-12	9.57663309327118e-09	0.13339720440970615	1.0647665440847398e-08	1.8021011926923011e-10	3.466702542305769e-08	2.6226518969383402e-12	3.6727210501425546e-10	5.930813664969595e-13	2.5356823060026234e-10	8.307677878735083e-11	1.2839678715343285e-08	0.016740514662245756	0.09011759647825285	2.665262836536927e-17	5.052556615496341e-10	2.947083036462012e-12	6.36817416226496e-11	8.597737991778721e-13	3.447134240673853e-10	0.029892299990345247	0.023992819103418567	3.415188167149156e-14	3.92618651068133e-13	5.974503468663327e-10	1.7819885160005316e-10
TCGA-CD-A487-01A-21D-A24D-08	191	0.17034180447462186	0.031759799378124204	0.10818543903131332	4.2127491323186014e-10	9.525835653438911e-11	0.21977859804006472	0.028757855923254277	3.315026642245226e-10	7.657058082540651e-10	0.022064756352802712	7.077310755293765e-12	1.9784392375936675e-10	0.0394579627624259	4.53462239859196e-11	5.900887563038069e-10	6.439277547630824e-10	0.3468733268657631	0.0016435679804659416	1.7961674587398626e-10	7.234335024382281e-10	3.173377765412886e-10	4.436384190280092e-11	1.7157641179451994e-11	0.031136883630782215	2.266792953918228e-11	5.478320612367705e-12	3.9540562465608814e-11	1.198703210028569e-10	3.562525955262797e-11	9.572639221435351e-10
TCGA-CD-A489-01A-11D-A24D-08	90	0.4571473860418529	0.07579537338075965	0.006491154948680943	0.1414227007670422	6.320339355230348e-08	5.398903579115448e-12	0.068100671878048	0.02235680354687529	0.13907121968054192	3.9591111160187115e-10	3.8165138054397045e-11	3.661115369149531e-12	5.106843188167632e-12	5.433968377099588e-09	3.313755818231463e-10	1.6514219128307805e-09	0.07521256233095244	1.1616541291050495e-09	7.494585440230262e-10	1.8981819154535616e-10	6.255142280076547e-14	1.2321507571420676e-09	1.4230090310481927e-10	8.505395281494374e-09	2.3554753274171775e-07	1.1571697511195393e-10	1.3516463511826172e-12	2.8218683192286977e-10	2.981576415060884e-08	0.014401778613451436
TCGA-CD-A48A-01A-12D-A24D-08	279	0.4041138770113915	0.011752426331057452	0.05477402295375641	2.1979988533296687e-08	3.159252611236807e-09	8.085441120577225e-10	2.454251998272756e-09	2.895314818288259e-09	0.005167519336213483	0.0143082747768768	3.3037266731476434e-10	2.978880030776786e-11	0.004817370044007662	1.8635941567558035e-10	0.06143335075455975	2.0301232451266238e-10	0.38937930957490297	0.053285736437978876	3.6377833621519508e-09	1.2751581566097357e-10	4.825635858911019e-11	0.0009680151245001213	3.240462710468096e-09	5.389520257168134e-08	1.220894592918965e-10	1.2073351861473618e-09	2.0798901840615446e-10	2.3455758199015584e-11	1.2940319148256484e-09	1.8037473302069742e-09
TCGA-CD-A48C-01A-11D-A24D-08	261	0.3771679768445746	0.014163422150336913	0.15807394944312972	6.263935082284907e-09	2.9329103636555704e-09	1.722584200635869e-08	5.338293334090147e-12	1.7736900521144994e-09	6.477134271134453e-10	0.01703958254011482	3.746016117796048e-11	2.4937298771342917e-11	1.3430439322708627e-10	9.167948103427321e-11	0.02576204118784389	4.1190744391957905e-10	0.3246608138570152	0.023811554374426596	2.8024427813066483e-08	2.1410187397597215e-12	1.3322398565504037e-10	0.01605461644956457	2.907636934523029e-09	0.04326596817325645	1.4030412606566437e-08	6.180334319915999e-11	9.67577810771163e-12	1.1746853586628648e-10	9.451501414533367e-11	4.871413438864925e-11
TCGA-CD-A4MH-01A-11D-A25D-08	96	0.5507780488733606	0.04820172193074845	0.06725284850482598	3.280885753702381e-09	1.8981478370881403e-08	1.0039128685586156e-13	1.162777712549165e-10	1.1452500613018365e-09	5.961629898554696e-12	4.8662371313734286e-11	5.007398260614933e-12	6.334154206098205e-11	0.017203378234660855	4.3112539117281444e-10	0.1690652842895244	0.020106007737039154	4.4455031329882835e-11	0.04101754840977539	2.7157834639367673e-10	1.214063680667324e-10	3.379276893353962e-10	0.028653336296381685	0.05772135234415431	3.4878241852177533e-07	9.945208944051097e-08	6.364843212488407e-11	7.158819309691803e-11	1.5168912400429995e-11	6.992049490706154e-11	7.123706883166218e-11
TCGA-CG-4300-01A-01D-1158-08	128	0.47815133878701627	1.092421588799271e-12	1.521523066943288e-09	0.06213220673677115	2.8582300798972686e-10	0.13056396641497636	0.056034258543550014	1.2587766433873313e-10	0.05987979831713104	9.141881579271153e-11	3.583164718161352e-09	4.0630459281350995e-10	0.018900820672119685	0.006881750253837429	6.379166382429116e-09	1.0129895825383974e-06	0.11117237808851366	0.031099036989318988	2.1919663357910284e-09	1.156724514418805e-12	5.6838317580503315e-06	1.4366889408368007e-08	8.587569118752013e-09	4.9579700826002145e-05	3.1839521784878706e-09	0.04512810971745026	2.952104551729076e-11	2.38808914737626e-10	2.627309352779361e-11	1.7936641290786095e-08
TCGA-CG-4301-01A-01D-1158-08	55	0.5725417388694878	3.819210832401218e-14	0.010416018676191633	1.6644498620031436e-09	0.08515829646493411	8.903790432724343e-09	0.0015256953263384073	0.02131313557919639	1.3666790870826036e-09	4.800285908765873e-10	3.3875175604182814e-10	4.5507618742502675e-10	0.06822750497768564	8.797682773109839e-11	3.423234003527581e-09	3.5256665569843272e-09	5.436701665366162e-10	0.021751540579074115	6.156744144278792e-10	7.963882512009052e-10	1.5732273619360456e-09	3.847861126700841e-08	2.8314095785395953e-15	5.048988428441947e-11	1.692535769459769e-09	5.795319594754804e-15	0.05784578344957411	0.027564915055886208	1.9140745931638225e-14	0.13365530702531533
TCGA-CG-4304-01A-01D-1158-08	80	0.5467635164611617	0.043006931993577246	0.14939924631136944	1.2743888754920906e-09	1.4598605116486853e-09	1.1121336730779964e-07	9.073966254902415e-11	8.520315028271738e-10	0.012156868848709217	1.0358713325879293e-11	9.023082529734914e-09	1.73920372245302e-10	0.08128285453476389	0.003535065865868724	0.02885115682135317	1.7256183678328195e-14	0.04637247550510054	7.212961026008137e-13	2.8356812513925923e-09	1.1134225183623102e-13	1.9553363239557726e-09	4.1321693745358214e-11	8.43661730395078e-08	2.878252453625122e-15	1.6202944362566565e-08	6.662259106589791e-12	0.012588391487691343	1.94378800786393e-11	1.6392491665767782e-10	0.07604326248032048
TCGA-CG-4436-01A-01D-1158-08	190	0.5301549769596	6.872372865506753e-10	0.08187593580119758	1.0675893268645057e-10	2.198001473948679e-09	3.2440191285037384e-09	1.396934038267083e-09	4.29389906671168e-09	2.181563411507894e-09	3.2686168142086485e-11	1.8607236914749507e-10	3.2090323661026033e-10	0.04395361583680358	5.086132876317406e-10	4.304122887214713e-12	8.398436534937728e-11	0.34026824107541037	7.713974342649629e-10	8.681059373402796e-10	2.957750329577222e-11	4.675223747467614e-10	3.3909994013185594e-11	4.637580139379887e-11	1.7676103683670598e-10	3.4947555402091146e-10	1.542993898019615e-09	0.003747210097946571	8.83025760495359e-11	5.53398258585901e-10	5.624414326843317e-11
TCGA-CG-4438-01A-01D-1158-08	157	0.24405401313640857	0.042968107817970926	0.3501048592709507	9.740014537101312e-09	9.38907540677998e-10	0.2430529046521331	4.2721222296919317e-10	4.237375873400431e-13	0.007609597869788624	3.0058040921984574e-09	8.281602613960464e-11	2.7004036641409936e-09	0.09218685720464566	5.526008048933478e-10	3.9473631557715183e-10	9.244347097608432e-10	3.9735234779675254e-10	4.5898834658202516e-10	2.0193425350682006e-10	2.326925054233039e-08	2.615490196438131e-09	2.004474279334606e-10	3.6593031131236426e-10	0.010645906691932537	8.351809357915511e-14	2.685193370221299e-09	1.6613812667014792e-11	0.009377627653352018	6.479836464583499e-09	7.024434361293096e-08
TCGA-CG-4440-01A-01D-1158-08	137	0.2928503637666515	0.0984775749238982	0.12992988164246908	0.06558244551384768	1.3980791640379508e-10	0.13288383459656422	1.5024583461920237e-10	9.793522873221546e-10	1.520068136918809e-11	0.08595099319035832	1.3279192099201696e-10	2.1313934984246493e-10	0.015274610348838988	1.513800636619101e-11	4.73145662480447e-08	3.152180426654951e-12	0.12776639441279927	0.001424575068980563	1.7965663583168782e-11	1.7410903492744393e-09	4.699018644891003e-11	9.919394608940227e-11	9.016393286919609e-11	3.15748237278965e-09	7.263124311086199e-09	5.265258219605996e-11	8.85862428022307e-11	0.04985926444886838	1.1653221108340395e-10	4.495473657327639e-10
TCGA-CG-4441-01A-01D-1800-08	129	0.5821927505828297	1.6345111912443907e-12	5.164362992033825e-10	0.008005951468645094	1.4353864592814852e-10	0.08719679512446722	5.165173148844461e-11	3.960447743486934e-11	4.047282637435416e-10	0.03223129857850081	1.173956736853127e-11	3.2111197604545403e-10	0.037498227930956016	1.1824546358602844e-10	5.289122193983376e-10	3.134284898448762e-12	0.1622334225999392	4.288877114153026e-09	7.311075099140747e-11	3.2433429484087466e-11	4.3700419496956075e-10	3.240415135215475e-10	0.053929810563500644	0.03671173502410755	6.592358666279215e-10	6.7288231618988976e-12	8.514297376199631e-12	8.553443257638135e-12	1.4411583118931772e-10	3.701016525106922e-12
TCGA-CG-4443-01A-01D-1158-08	109	0.1892388632703936	1.2726006210984636e-08	0.353479652270296	0.014956377827016244	0.0938471028061931	1.6943153593615824e-08	2.0470082622469173e-11	4.730521236250574e-10	2.3924611649864747e-13	9.872549562119796e-10	0.06214890960781489	8.741911124625822e-09	0.08624282386177268	2.977502249747675e-08	8.119592249135763e-07	2.046148266879788e-09	9.858754801030416e-12	1.3751395003659596e-10	1.0880232382329502e-09	2.4631702224472126e-10	5.023557596278747e-09	0.0181645509764896	4.116743201242752e-09	0.0936881174184548	4.1960297227651885e-11	0.0511714566995791	0.03706124882335047	6.597408977927043e-10	3.422713759487174e-11	1.408214561770175e-09
TCGA-CG-4444-01A-01D-1158-08	194	0.2810874071394729	1.4868276801661585e-10	0.05824551733251854	1.8536389388746758e-09	1.3964098179569738e-10	2.3792138998626513e-09	1.8929593224568893e-09	5.1279750216555723e-11	0.016843654796708196	1.7276589156631456e-11	2.4062474685152467e-10	7.435798059949614e-12	0.04366387409335334	5.687573846684593e-10	4.808115267288925e-10	2.3416181204061067e-10	0.5204737874799825	8.562888209936283e-13	1.6032325661007973e-09	4.85623606291669e-13	7.486502079899141e-11	6.076439760334425e-12	0.03432202508875176	0.04536372356544409	8.585878326495997e-13	8.166132277290047e-11	2.720885558783235e-13	2.2903318787677458e-11	2.776422319354165e-14	6.98045970250074e-10
TCGA-CG-4449-01A-01D-1158-08	103	0.2803568717410699	0.015325525791374322	0.06772067950726435	3.831422954276132e-11	1.2581825459603565e-08	5.821067551956567e-10	0.10679400972398106	3.9301117074612323e-10	4.731090582814581e-10	0.0518227682332847	2.689615558935476e-11	5.3788810673470816e-11	0.15253861511542582	4.535794160784602e-12	0.1465083769535971	4.11655402001444e-09	0.03313081658730023	1.8257567068939313e-10	9.926164309769138e-10	3.189966280095359e-10	0.08449548486702647	0.039433377698425386	1.4462262858296266e-09	4.244687386284289e-13	0.015852235414097905	0.006021216023604835	5.530252322567034e-11	6.997121915370777e-12	9.78448497707236e-12	1.0604828349743902e-09
TCGA-CG-4455-01A-01D-1158-08	53	0.3011344884985024	1.0982331330991646e-10	0.13951019992677802	2.359998394701013e-08	7.982719481975837e-11	1.3413479092667058e-09	5.600139823688936e-07	4.6839716173827125e-08	0.002856402639532251	2.3493368429143447e-15	0.16263881167618754	2.1048823785964607e-11	1.1037121786226849e-13	5.307626443359378e-10	3.9873485076300047e-10	0.1404364622617415	0.03825683801126468	0.022534197767791156	3.744986368278448e-10	3.6990426578323454e-09	1.366931950839243e-13	0.010205536155320199	0.010897076315600402	4.367475128742846e-09	7.282473564121488e-10	6.380195975948504e-13	3.0418863002661077e-10	7.91668917385859e-10	2.933524945050803e-11	0.1715293435167106
TCGA-CG-4466-01A-01D-1158-08	223	0.4011094029874865	1.2026806433881626e-10	0.04209870730259572	0.03345147962362876	1.484601217358068e-09	3.5960301616224824e-09	0.011057132693187827	5.45407249214395e-10	0.018801191426742733	1.069111548208861e-12	0.01240577809237415	1.5208861354988143e-10	0.03642971881939914	1.1431149371229708e-08	8.236495449624875e-10	2.2676144969379168e-12	0.43403112410487416	1.1420814813478745e-10	6.157533378434536e-10	5.364672467681196e-10	0.010615400584265758	7.828094628004884e-11	2.019379189979984e-09	3.2893023894107345e-08	1.2819540552628202e-11	2.1561008961590624e-10	1.1785704343508462e-10	2.611029016609886e-10	4.98318005490301e-10	8.846093881073347e-09
TCGA-CG-4475-01A-01D-1158-08	57	0.5702957944359957	2.1238641736480298e-09	0.2764416956223008	1.0623544826520613e-09	1.294086503320894e-10	2.1068060047927633e-10	3.37460668964449e-09	1.2300806735933408e-10	1.751355694131821e-10	3.583880355826416e-11	0.03077631331954765	1.2666459487915592e-10	0.0001420411227044264	2.921130514362817e-14	7.474796105231671e-10	2.3723919651039955e-09	1.880128723321919e-15	1.2477362465884685e-10	4.119039412317892e-10	2.813814373399843e-16	3.127522192653803e-11	0.02024273359669932	6.337079901239248e-10	0.051506349176020316	8.196179849363148e-11	9.935384232876682e-16	0.011546409192725636	0.03904865090602482	2.0818016466608709e-13	8.62684937425635e-10
TCGA-CG-4476-01A-01D-1158-08	131	0.359814976009555	0.0907647093548719	0.19246959999693536	5.800250368472472e-06	1.5867042059131108e-08	0.06937855499530185	2.4967563892648736e-09	3.5721875630854584e-11	6.297147961213734e-08	0.010215014295836837	6.682601643609587e-10	1.3313319143745273e-09	0.053782989183993025	1.4097558711809882e-08	1.1132797390912154e-05	6.788805372096385e-13	0.012882547001465511	0.04847992746615694	8.3313876663268e-10	1.949842895108252e-09	0.012616057758719563	0.011187142372051501	0.03331507740408885	0.024125254611435033	1.3602459192538049e-09	4.285173594967968e-10	0.0019982990306443254	1.1249705497711158e-11	0.07895273422376015	8.11956005781748e-08
TCGA-CG-4477-01A-01D-1158-08	65	0.46895165839383773	0.00040927484613240486	0.31708093872933424	3.745538546805601e-08	2.389479819187281e-10	0.027162238647751656	0.09752589836704222	1.4295021287815355e-09	5.917402249207976e-10	1.2087020887809847e-10	1.3763774750006155e-10	7.197856296250975e-10	0.009600466870901351	3.01446365525628e-11	1.2100639732026354e-10	5.211723244019329e-14	0.030119535513794475	0.013402567752820792	1.4257974580103425e-10	2.731743787679838e-09	8.589046464897794e-11	4.0057591228688466e-11	3.7599479486003155e-09	0.02138873433741926	3.851935019825831e-09	1.7020682709865427e-10	0.014358629557393802	1.7286092786947373e-11	1.9887568244704123e-13	5.3386529974811954e-09
TCGA-CG-5718-01A-11D-1600-08	91	0.5018764205082296	0.01932328569313962	1.8615438159678776e-08	0.07571727647327067	1.9799680441361427e-13	9.193537092505027e-10	0.1920509495870889	4.169520306701314e-09	0.023151322680758615	6.1659744948522e-10	1.1198255215310987e-11	3.1121965362938173e-10	0.03333357727094078	2.739741758342923e-11	0.030716560710885403	2.52942080432064e-10	6.239540892753155e-11	7.389622955128216e-10	8.624951247973563e-10	1.2144972796956639e-09	4.754068005294402e-12	0.038210716037523414	1.3602850300176813e-14	0.019950286483003964	0.008001029207099213	1.6554619061481564e-12	5.020028090552739e-12	4.4366851345470983e-13	0.05766854753101181	2.946351215309244e-12
TCGA-CG-5719-01A-11D-1600-08	73	0.7183918366731252	0.11459976839462818	1.3646671612391028e-12	0.038969821362443854	6.245765216598824e-13	3.382922427971566e-08	0.006778021907250085	2.3148681679194717e-12	5.948216687557442e-11	7.336666708097075e-11	0.06383148811376345	6.307192222621143e-14	0.04398608129588485	8.610730404170707e-11	6.051961176520445e-10	3.0952390305387346e-10	1.780291568687299e-11	2.0126734390104057e-12	3.825184302015651e-15	7.078632247343817e-11	3.9537621612740325e-14	0.003658372550017156	1.2325035711065969e-08	0.003498030523821001	2.4081275912644107e-11	1.267097749542019e-16	7.308075831339427e-16	0.0062865053748483906	7.755234526471587e-13	2.6396411356928622e-08
TCGA-CG-5724-01A-11D-1600-08	129	0.5846187905863257	1.0919793951454788e-11	0.03731399362792139	1.264840061460383e-11	8.880712079601132e-10	0.08935137369037238	6.420787822957577e-10	2.6017072165858015e-10	1.3135420918377013e-09	2.327270166544984e-10	1.2154075194691408e-08	9.24221064022413e-13	0.01290061287417248	1.0233851096672702e-09	2.1959595762374285e-09	1.9664926053301228e-10	0.25754342504990185	0.0016984027025993104	1.9487148641147398e-09	1.6373667567789694e-10	1.108709069380921e-09	2.095581013789298e-12	0.016573368573103292	4.506294369779799e-12	1.8682386490135203e-10	4.1900717726187093e-11	7.453170908041247e-15	2.536602881119688e-10	4.671729312510782e-11	1.0207580164988272e-08
TCGA-CG-5730-01A-11D-1600-08	179	0.6234211464916983	0.12474168161690677	0.03469500406992411	1.1596979046931595e-09	3.596169645811077e-10	9.611751664651789e-10	0.07249627209509955	1.8582470513166436e-09	2.111711068802772e-11	0.006586412873488325	7.238088910561025e-10	3.6921391267812395e-10	0.019873916674331134	1.8452217149191996e-10	0.06458724135882461	2.6214299133717237e-15	4.301472164604121e-11	0.02054257416207565	3.1115552313849886e-09	5.7892965675462666e-11	2.7375236397967804e-12	0.020954731998815236	8.181214968000678e-09	0.004665594635060193	3.2191167647293075e-09	1.4172611287292101e-11	0.007435403671930393	1.0859931376841178e-13	1.3243888283876074e-11	7.138662110342696e-11
TCGA-CG-5732-01A-11D-1600-08	63	0.5229847370618549	2.1696379891766223e-09	0.21544270412272584	1.2975997499434504e-06	1.9963796745408226e-07	1.890547284350597e-08	0.10778364745397748	3.4589510315807417e-08	2.2373053141912598e-07	1.4417942001494176e-05	1.5616775179730525e-07	7.370970063651313e-08	1.895405004679481e-08	2.5638515611808814e-06	3.581626260736996e-11	2.5330625725376923e-07	0.07450033359806126	6.110408550167943e-07	2.724792672611376e-11	3.1562682802697193e-06	1.2347077573143843e-07	2.2633932887985502e-08	2.467898142196533e-07	0.015446281069706379	0.006500020752823484	0.010077414420512989	0.008553515450705701	1.574327543656364e-08	0.03833949819142586	0.00034841130401600114
TCGA-D7-5578-01A-01D-1600-08	260	0.524425769415342	3.61595410585451e-05	3.2913335640964405e-09	0.044354890636643995	3.969479430718989e-09	0.019793498858717798	2.572528606595418e-10	2.1149938650539166e-09	0.008324121740173667	7.230777580394774e-08	1.5643101820918677e-09	7.786665400089388e-09	0.06828611627780212	2.0474918197613954e-09	4.1711109943884403e-07	2.451601066301181e-09	0.30954603841315076	8.381804220937297e-10	1.1071944157832365e-09	1.6676417589643847e-10	0.002860435005895438	2.1291630192152537e-09	1.062059596568266e-10	0.02237244894536832	1.0939962983565112e-09	1.6127799352612808e-09	1.7392340684394668e-12	2.6317497778597043e-10	3.894438616425367e-11	9.057011355907966e-10
TCGA-D7-5579-01A-01D-1600-08	163	0.3090124659905572	0.0199842792235887	0.12748747410039513	1.543567649986842e-11	1.7263625548080398e-09	0.01111079750361752	2.4530039010733844e-14	2.4356320937992282e-11	0.017942734378130806	0.0028169391157004575	1.0586989002125974e-10	6.474614760950907e-10	0.03955464618750473	1.2349014632571851e-08	7.518957174672177e-10	5.903464823241379e-12	0.26020906557756684	4.590588992525935e-12	4.1813837134274775e-11	0.08094092215831074	8.331598828585403e-10	2.489533921272773e-10	0.026750503178362157	2.1712780123726798e-11	0.0035800051215826713	2.4314416815567624e-12	8.136189404734346e-11	0.02607230019467154	0.07453785040820698	1.4562881430202385e-12
TCGA-D7-6518-01A-11D-1800-08	83	0.6944866732765748	0.03635997623541579	0.03805056117499164	6.139879686755889e-09	1.1232827636454761e-09	8.324926081723241e-10	0.060271383409993454	2.884197848354834e-12	0.022928560508643624	1.711759196748858e-11	1.296854662415802e-09	1.7571824653698632e-10	0.016510907786573818	3.5919119975246815e-15	1.8140448424630351e-10	7.204466011460627e-11	0.04988659401947261	2.802183626734137e-10	9.628440471454674e-12	6.634235061966559e-13	4.12576560812474e-11	1.234194545216463e-12	8.261224768883265e-10	0.08150532750342554	4.369797675932482e-09	2.1973559315615765e-10	7.242466129507021e-12	6.634182331671977e-11	7.438958190127939e-12	4.135450634309691e-10
TCGA-D7-6519-01A-11D-1800-08	59	0.5128421066670519	0.03043127674111411	5.548080476085325e-06	0.18098491730084013	4.169307912262582e-06	1.0649847320963895e-09	0.11540667259483207	1.0547632513874492e-06	2.4376141174865976e-09	2.477666974662414e-08	1.507571596276173e-11	4.54414628109841e-07	0.02319408723292771	4.4446335495673515e-09	5.507789225441235e-15	1.5090893957023868e-13	0.018613651438930102	1.9144550002905105e-09	8.079452761539665e-09	1.308820286579656e-07	0.018837376411418798	3.829273321384194e-09	2.2581113615020554e-07	0.012168449400131861	2.8240619123372545e-07	9.954852167081896e-08	2.2901305643844996e-12	2.8969545303036995e-09	0.08749063622159713	1.881131545052385e-05
TCGA-D7-6520-01A-11D-1800-08	70	0.5425617546114814	1.088394655027453e-11	0.08502037367076638	9.351219209224492e-13	1.8053476158416815e-11	1.40264172225701e-10	0.011883022112234977	1.439296914985331e-08	0.045458906899469874	0.031124034759250355	0.02141639924553154	2.1477325232930823e-08	0.0815918862305516	9.904244913457901e-12	1.4283867720166096e-09	2.4808188098530315e-10	0.07126731062467	8.474897275443739e-11	1.1248084890008608e-11	1.2619261730915645e-15	0.04414711794932582	8.771449740731918e-11	4.585564196505999e-09	1.1569451936219729e-10	5.99701467223234e-14	0.041350870186028225	1.1863154151605384e-17	0.024178269591769438	1.0703018944391719e-08	8.040658858059509e-10
TCGA-D7-6521-01A-11D-1800-08	76	0.7507612343711676	0.1595485820398192	2.442452308492319e-10	7.871295364744755e-10	3.635952787349595e-16	2.3800736483318227e-09	4.2228698090038286e-09	9.225779759292642e-13	2.310512809200377e-11	1.5823027957836336e-10	8.331406594409199e-14	4.1216221373679154e-10	0.004188459349309509	1.6371504075517085e-10	1.5904918095474457e-09	1.2589938714536925e-14	1.6385550687265175e-09	1.770918538361832e-10	1.8887211784399965e-09	1.3016367075331482e-12	3.258721233953027e-11	2.158146119813265e-12	0.010592881984690612	0.07490882772120357	7.29542706886825e-12	6.482529291353217e-11	1.397944783238625e-10	4.376233518545828e-12	8.426071079963724e-11	5.098008332197418e-10
TCGA-D7-6525-01A-11D-1800-08	188	0.3936164113816929	0.04750736133385754	0.07121563146917083	2.6275531577181793e-10	4.786946253916431e-09	3.4834020749304465e-09	1.0923234189464457e-08	9.262386428008858e-10	1.9134053745869895e-10	0.060136659613161704	0.024594641132634872	2.491427242989849e-10	3.540967892554034e-07	1.918730925509442e-09	0.024188708165075536	2.0013155827917746e-11	0.2278684887305081	0.11226610460746829	2.8188760234804064e-09	2.071198135626387e-09	3.950616861115395e-09	4.3071963856844e-12	2.286482698743762e-10	0.025987461392920352	3.77650994658362e-10	3.7033473680009913e-10	0.012618145296161806	3.920314939276652e-11	6.91219930608183e-11	8.879763029895617e-11
TCGA-D7-6526-01A-11D-1800-08	236	0.3374049984420432	0.08701512109011054	0.10597552845145107	1.735244007475096e-11	2.0959151606873345e-10	0.012603758928340347	0.005651948114138468	2.225311218092709e-10	0.01254671098205114	6.012243001866474e-08	0.003970060155668674	9.84831739700044e-11	0.0077636220787075235	4.1067082223378907e-10	5.852549921673954e-09	3.812840078545529e-08	0.2962404708972964	1.3837735561308306e-09	4.587062511065928e-08	2.214358338862002e-10	1.1929987341871182e-15	4.6448560535164654e-11	3.127378621752156e-08	0.06553249354122674	1.642907072386582e-09	5.387657747947483e-12	0.0026482564987958305	4.795905697946966e-12	0.0626468147705922	3.053840702756545e-08
TCGA-D7-6527-01A-11D-1800-08	226	0.2622421132876039	0.00715075192086103	0.09733058173774735	0.001794874189603228	3.85187476517554e-11	1.4193497378747128e-09	2.5972742845414235e-10	2.131480331980518e-12	1.3500667856668884e-10	1.1793366353374393e-10	1.1690063933850402e-11	1.2028134626562235e-11	0.03837345044935487	1.3552048274788615e-09	0.056238853783363275	3.913153433018462e-10	0.4744350618684905	0.0008500186307376305	2.7636528443434036e-11	1.049635567683399e-10	2.8429749489268805e-11	6.837737603084093e-10	1.149362087731972e-10	2.0474731847125686e-09	3.1247175578742003e-12	9.460831709897348e-12	3.960212502944813e-11	0.05564961022933316	2.3102123886634276e-09	0.005934674790385778
TCGA-D7-6815-01A-11D-1882-08	162	0.8609241468610082	0.014047422659519328	0.04116845158478873	1.0773857485532396e-09	4.176766257017107e-09	2.042382747341486e-08	0.002338523340897746	3.0890070806748037e-10	6.442082360977934e-12	1.611341161516274e-10	3.8264755426994876e-09	7.098866917080178e-12	0.023401432505486344	4.257316964770649e-09	6.34070487279026e-10	1.3905786831004336e-10	0.006776801499157801	0.05134314795702115	1.1760952388162901e-08	1.889267127409567e-10	7.265839268790504e-14	1.783248882055791e-11	2.175329504761194e-09	2.277866018295137e-08	7.705758666275453e-13	7.323090635237216e-10	1.3500796900939906e-10	3.533385982330732e-11	2.136122130148653e-11	7.270879869360034e-10
TCGA-D7-6817-01A-11D-1882-08	93	0.3859707513185011	1.7709524138079386e-12	0.35859557388621394	4.651122114509993e-09	1.0278617801863043e-09	0.09355150278899352	4.3145302772351086e-10	2.1780967848416058e-10	2.6392404886004343e-05	9.391191026313747e-11	2.516358233526397e-10	1.1964002729518342e-09	0.018390500217339057	1.1157746883047917e-09	5.0241093389556533e-08	1.2923321869635578e-10	0.045426131669412916	1.5392329491692283e-10	1.2783372416637592e-10	4.346786553412591e-10	0.002375129180451454	3.087912439298945e-10	5.5101015045427525e-11	0.07120723297967123	0.024456722900070074	9.790125708516254e-11	3.960519905143174e-10	1.336037884049705e-09	1.6986781270475948e-12	3.843761587059325e-10
TCGA-D7-6818-01A-11D-1882-08	184	0.20519634470598316	2.2388481468009374e-10	3.29597232161507e-10	0.005369206052799245	8.616256902707619e-09	8.207980283696707e-09	1.395891710791349e-10	7.437466358374476e-10	0.05076830745523974	2.8929975532783125e-11	2.3062273027500784e-10	4.4976015070431024e-09	0.006172339936000789	1.7443813065698309e-09	0.05650163606377527	1.2352427485504038e-09	0.64862870570072	1.3804187250169192e-09	3.569697061453518e-11	1.8146237755408381e-10	0.0010054848888979802	1.7367715580746272e-09	1.9715473783819956e-10	0.02635793654956805	6.4960676898198774e-09	6.92776207823179e-10	1.6300552560503028e-10	6.523313479791105e-14	3.622634009096585e-10	1.4035000555903018e-09
TCGA-D7-6820-01A-11D-1882-08	109	0.42316719741755215	0.01454474561869127	0.20855752664882773	3.528588345335536e-10	1.1500639024288244e-09	1.0471429321920299e-09	0.02496567612651343	2.4869701602335695e-08	1.9213377430829974e-09	4.874296136852369e-11	4.947062153023477e-10	1.794707033735344e-09	0.08424961886318284	3.312727892822128e-12	1.5923366428950592e-09	1.7945159921676225e-10	2.8050622817242437e-10	1.7851467363609752e-09	6.144507498750232e-10	0.01480631678695545	3.755374302170105e-12	0.030593065488517243	9.116305512159082e-15	0.0629970857029887	2.1913889505054283e-09	2.4565410730199733e-10	5.3384495879953854e-11	0.02996973179416899	3.5696660988967463e-10	0.10614899656697746
TCGA-D7-6822-01A-11D-1882-08	278	0.22684959696728166	0.02290298098209642	0.12725381227190127	0.003911385608286289	2.4021664478340593e-09	0.025724704083573982	1.008494532624563e-09	7.566555089242395e-07	5.497433827527761e-10	0.006958134275670194	0.010659935514405043	1.249877536745733e-09	0.014519500644938638	8.029116326984733e-11	1.1228302798306168e-10	1.2009855919407225e-09	0.5421594797150586	4.639715485644755e-08	5.545884751621086e-10	8.052692021423869e-09	0.015413058238289605	4.0726115009117844e-08	5.281967860378769e-10	2.4715527620987968e-09	2.988179906211834e-09	1.0035661474722356e-09	2.288469239513467e-14	5.760906687543317e-09	0.003646539323753155	6.324191468927996e-10
TCGA-D7-8575-01A-11D-2340-08	56	0.5719888959432449	1.4366124353971947e-12	2.5351367080505684e-10	0.16767740476433926	6.91039056297399e-11	4.052491675201721e-08	1.9130055570741793e-09	1.139193000838023e-10	1.1776125754471685e-11	0.05630500298454721	2.5781637385274733e-11	7.628736413383775e-12	0.057649916717503503	1.2693840973414378e-15	7.221664869646667e-09	7.966128271090522e-10	6.285991524958739e-11	0.013989309256258735	1.3298362865370667e-09	4.3496619555009015e-09	0.02097479306686491	1.3982548072562232e-10	0.08106806056147751	8.126177970108394e-10	4.1615166118122324e-11	3.0876274013611678e-15	8.071599975584529e-12	0.030346543803615653	3.0168886078071435e-09	1.2201407133171993e-08
TCGA-D7-8576-01A-11D-2340-08	61	0.5485659475936527	0.012143192208179226	0.10665533632659736	2.1737113135725382e-07	8.560355448117325e-10	0.2027603645602102	3.945524640074385e-06	3.7798792090651206e-08	2.427992763873932e-08	4.467800375904842e-10	7.811210065471638e-10	3.7411052240418215e-09	8.004529888096232e-11	0.0421833909563405	1.1642881910637791e-05	9.957880616026234e-09	1.3771303008886216e-07	7.508806762813704e-16	4.16486684686271e-12	4.2795555713154674e-08	0.0405600197458313	4.764691220215478e-09	1.4309016930024592e-09	0.019257389219662108	3.522430532574839e-09	0.00743909077668559	0.020419079040249196	1.0430327598234995e-07	4.38544768240228e-09	6.9337236225901774e-09
TCGA-D7-8578-01A-21D-2340-08	66	0.8377594208667255	5.905367546878029e-13	1.0861151476393958e-12	1.950687452918678e-10	1.4389920369977775e-09	3.5762919908533326e-09	1.4952325713134755e-10	3.3809816687986673e-10	0.027616804123412664	1.1976322896063233e-10	4.93797754607001e-10	1.1075054375567167e-09	5.8342071082419496e-18	1.3605140047442906e-11	3.2409241245803044e-09	1.846164900345841e-16	6.670577358896257e-11	1.2308487789899241e-12	1.9386940682591537e-10	2.5156297587447174e-10	2.752515681222945e-09	4.2522746244031345e-12	2.03615988659818e-09	0.09300444907663186	4.2988014069501103e-10	6.681612089604888e-11	0.035749822544198395	0.005869486021181168	8.896105496088199e-10	3.0464725902446967e-18
TCGA-D7-A4YT-01A-11D-A25D-08	334	0.2502046450032924	0.018572963360855302	0.39063650883565787	0.1874038770040476	1.0487297341101536e-10	0.01413782015515017	0.036863733218517734	3.397834001420216e-10	1.461357785037024e-09	2.721056916897523e-10	0.013970900020363336	3.474632696179305e-09	0.06688978614214647	2.650444410465429e-10	1.3477178720754006e-08	3.687509971573995e-10	0.021319690391439664	1.029097993856415e-09	4.1554391862975555e-10	9.218799003241762e-10	1.81210725487397e-09	1.0739010232207081e-09	8.487330176998488e-10	4.09960246215585e-10	1.978151033130047e-10	1.1708038772805284e-09	6.334974111481253e-12	6.411265321851827e-09	1.6029998134213656e-09	4.020436025367669e-08
TCGA-D7-A4YU-01A-21D-A25D-08	236	0.48824914733931035	0.02367449585890615	0.12006837394988894	5.560234004130887e-15	4.3338538794334536e-10	0.014744049227058064	0.00872978441857161	9.580705051643336e-09	1.7046336373305116e-10	1.9978723690997233e-11	3.755563847202152e-12	1.530952435019431e-11	0.009013388060176337	2.292634080954363e-11	1.8577700098907035e-09	1.6191656098685423e-11	0.23660466677259986	0.046135221646394615	1.133575615746322e-08	1.4374768333521424e-09	4.3650834507380663e-10	4.4899348630013116e-14	2.267099744266152e-11	0.04930785437486156	0.0034729892419006936	5.517259736772181e-11	4.3396617811489374e-10	1.8882823496515077e-11	1.1187576701143653e-09	2.1306039563114403e-09
TCGA-EQ-5647-01A-01D-1600-08	85	0.4802702886582161	0.06778892517468696	0.04874936103300062	0.060343557155015125	7.010028631706308e-08	1.4699081818442958e-06	6.629856157520878e-10	1.4458488076443274e-07	0.016003501050021764	0.04431605855394517	5.96349258015092e-09	1.9649374662790184e-07	0.006074069093306761	1.9296428643666379e-07	1.25521723173687e-06	1.6484942422911074e-07	0.08382556665466089	8.383600353533791e-07	1.1265045262249095e-07	1.5012629236967982e-09	0.03734093561070872	0.025581363499644273	1.3552570614285908e-06	1.5189998689113906e-08	2.394700423826062e-07	6.65075472331343e-08	1.3162481662155017e-09	0.0011041908863135591	0.12859601892344535	3.2709869586035747e-08
TCGA-EQ-8122-01A-11D-2340-08	199	0.620028798979665	0.05890127701103984	0.14378704443240337	7.750026291909694e-09	3.3273227040789776e-11	0.06957590350414901	3.853457641497075e-09	3.6958160235724527e-09	0.003934877794063669	1.0089561284682906e-09	2.2567233061967095e-08	1.2830868797652302e-10	0.023876926984715587	1.3917292926432152e-09	1.453352119796154e-08	2.0943786915524883e-09	0.04596355747865498	2.0685943502868657e-09	2.32257421003917e-05	4.770121075117703e-10	7.815170224711897e-10	0.004500606420488149	0.02940562434534082	1.1278355767486531e-10	9.256197296936367e-09	1.4634175307158952e-10	6.0325676568584476e-12	2.699323869085592e-13	1.731956739029559e-11	2.087384610739986e-06
TCGA-EQ-A4SO-01A-11D-A25D-08	197	0.06920329459032006	9.72397295303835e-10	0.5113262950086355	3.7586133119217607e-06	1.6018292164301437e-09	0.15464033043658937	0.005144875280986321	3.833611560167686e-09	4.386749275023435e-10	6.064518030012582e-10	1.5651100682522744e-11	4.269926991797952e-09	0.12358808391307508	4.2186079921000005e-10	1.5337133807180417e-08	5.852350184337343e-09	0.012214683339018149	0.005777860693664659	0.03219614029844929	1.4345467909465957e-09	4.601848127209959e-06	1.1088549994055862e-10	9.331922608916078e-09	0.029849391959823057	4.890704708910759e-09	0.014919227776536275	1.7080965621224566e-09	5.181742321330286e-12	0.041131405336165015	7.407262155569437e-11
TCGA-F1-6875-01A-11D-2053-08	109	0.7196541730148667	0.06549707092365624	0.05892749508880207	0.020129882039845632	1.951640545494942e-06	1.8314388992981181e-09	1.333111986659797e-07	5.852672716574844e-08	4.6501409433562556e-07	2.1133100795881176e-07	1.6472394398890067e-06	6.879448680899831e-07	0.004692185840526176	0.002583053513955483	5.387898129706071e-08	2.3924831637919097e-06	0.09750528436373292	4.5403925178582337e-07	9.533653458333101e-07	0.0022531390606281006	2.981058177397392e-08	7.91738087543549e-09	1.0485444418433401e-08	6.423181977792599e-07	2.507745233578211e-08	8.016886194613387e-07	8.696422590685338e-12	8.630839253897374e-07	0.028746228963819075	9.619380624871466e-08
TCGA-FP-7735-01A-11D-2053-08	54	0.558608997279025	0.20853130406170123	0.009237428427821904	0.03504089233639271	4.468796820034769e-08	1.0395385173577276e-07	1.92248597581113e-06	2.4220329529003337e-08	4.7337282689769276e-08	3.698632235558687e-07	7.400370941730065e-10	3.0351293510381396e-09	2.4822249914630093e-08	5.710373187684844e-07	3.309357423838382e-09	8.316474488952363e-09	2.1417826040640744e-08	0.030438970583027365	2.4982607035105692e-09	5.011858097323653e-06	1.6645396501584785e-07	2.7764265478994246e-11	4.3703660114319124e-07	1.553512395823874e-08	1.0783692178573892e-07	6.977751698186126e-09	5.014776910201418e-11	5.08053373537357e-09	0.029258716985175393	0.1288747917446644
TCGA-FP-7829-01A-11D-2053-08	281	0.4910971015418606	2.651610807013164e-09	6.226362262968339e-13	1.0737827110893436e-09	1.4856261490043255e-10	0.0615351039356526	0.01062055023723553	7.360202248243959e-09	4.732488849000871e-05	0.04519945349376483	0.07708182167605128	4.290709758544556e-11	0.01030921968567258	1.5803202593272262e-09	2.0286631428576497e-10	8.134728177606957e-11	0.11235547985971976	0.18181989527842427	2.67609179955018e-09	2.3915700869168613e-11	1.75945016118751e-10	1.8698126882102295e-12	1.3747964268287725e-11	3.800241790503845e-09	7.772173309369236e-09	4.2564680950147637e-10	6.271434264794069e-11	1.780458060644932e-11	0.00993400494416868	1.6346586934028883e-08
TCGA-FP-8099-01A-11D-2340-08	163	0.5798755992661011	0.03903083994105813	3.825562793178636e-12	4.089249109984098e-12	2.3655170039267117e-10	0.15178337726838287	0.026134328381622534	1.3999409326543496e-12	2.914952991772443e-12	0.08531438360080204	4.4215643366250827e-11	3.829472695887087e-11	0.008744178450904895	7.230598673885311e-09	0.008993258948604923	8.04056280329464e-12	0.009808179032322476	6.437054059107722e-10	1.7422798618103064e-10	2.910649916417569e-11	2.666564195128282e-12	4.569121859333414e-15	8.179748472990943e-10	0.09031584277018175	6.5192737019690005e-12	6.297221405200206e-11	3.139757990837677e-11	8.160939866393625e-11	2.8278398256590065e-09	9.206412635567381e-11
TCGA-FP-8211-01A-11D-2340-08	115	0.08366841058882729	4.3085239589242595e-11	0.5331753880890431	0.1265929270391006	3.6661338636996826e-11	6.251389481846438e-12	1.374058705983427e-13	2.485304844910689e-11	5.21323587586192e-10	0.03642631144189918	8.851076398812096e-12	7.755098343380435e-10	0.07038123699253485	3.925698270241427e-11	0.09149639504992883	2.956385035481817e-10	0.03688631892631388	8.60066578132498e-11	3.162831611731711e-09	9.116103075742537e-10	6.899886209515332e-11	2.5415906962678177e-11	0.021373004960904583	1.3652717364291332e-10	3.772674301455938e-11	9.535812809342686e-11	2.196804779374034e-12	1.4360965149240128e-10	5.1497958850957836e-12	4.844476820003986e-10
TCGA-FP-8631-01A-11D-2394-08	115	0.17961675860079046	0.07309008038949329	0.4181778372965179	2.735831313943838e-09	3.29218281212454e-11	0.11837327337236132	7.009939758882662e-11	8.580961892354256e-08	6.494474986795266e-10	0.05412125897267717	1.571881364772041e-10	9.017677634988161e-11	3.0078969999973905e-08	7.78908338710078e-10	1.099365829473699e-08	1.2906015393172064e-08	0.002366095330313481	3.572836787236452e-11	0.11659819434298345	1.6009242074998318e-12	4.052113576013799e-10	1.5808724104851812e-10	1.1814644758905892e-08	0.021465774475724925	1.0255523040074745e-09	2.1989717912093383e-09	0.0	0.016190567001044386	1.0172247340870426e-10	1.7373822737551195e-10
TCGA-FP-A4BF-01A-12D-A24D-08	115	0.6118551005952974	1.4330918998249679e-10	1.3157752133789854e-12	2.7975232340116444e-11	0.014826975220612921	3.935654550618618e-11	0.03719142341963633	4.453554947996363e-09	1.2537826384748306e-10	0.0100519635506582	1.7125337857310289e-10	3.1377710833121675e-09	1.3655778370394696e-11	8.011356547481145e-11	0.12473472368974207	1.959990458062815e-09	0.05268367028168539	4.81219547356392e-12	2.34056756969959e-12	2.545903106223699e-10	1.488549591237772e-11	0.03466402135611073	2.0150396703588835e-11	0.03799168684163521	1.2604406484158297e-10	1.988376201074799e-10	7.871317655810557e-14	0.07600041977130652	3.4869362260692906e-09	1.0109654804054438e-09
TCGA-HF-7133-01A-11D-2053-08	92	0.6228872473614413	3.008014299495071e-10	3.112315164675968e-18	1.5357537119710062e-07	9.26984070630301e-12	0.03609778705276681	0.09617137590078213	1.5326556776453166e-11	8.366615215807328e-11	8.890175668865857e-11	1.3107000040322712e-09	1.5093972171586436e-06	0.06627801362677915	4.950771395562177e-09	0.07319486628591061	7.027079094222813e-10	0.018676030126759592	9.150585813513037e-12	5.273478530234488e-08	3.843474017133135e-07	1.559538637417515e-10	0.016223043261461657	4.777334424269758e-10	0.05243818003380443	8.725741690099499e-11	3.777172104856832e-10	8.212468278012707e-11	0.01803128417219675	6.234300060567234e-08	1.1282395122409412e-09
TCGA-HF-7136-01A-11D-2053-08	90	0.5359097601826499	0.011977374863699434	3.2769091233104956e-11	0.1320767474640532	1.8170911983398937e-12	6.050859393046704e-10	2.6347642113522136e-17	0.18920092354070078	2.5878528792950727e-11	8.194092298561303e-13	1.826832316092095e-11	1.8336026270197395e-11	0.031061729709995767	2.4952103130522655e-09	0.058841099012811204	3.2407078374611453e-12	0.02796335948685027	2.7241647171622212e-12	1.7436917055928627e-15	1.5287154170431055e-10	8.990246337828355e-12	5.011431590354455e-10	1.1143783192052867e-10	6.479588690976103e-10	2.7980320768946735e-10	4.157692368942601e-13	0.002930196770539791	0.010038784656952685	1.9146116617646243e-08	2.588583988599989e-10
TCGA-HU-8243-01A-11D-2340-08	152	0.7328385217011743	2.0286800883111706e-11	0.02473244799660326	3.680697199787703e-11	9.907604086962928e-09	0.007405538722691662	0.05682339951412312	1.6639544004069555e-09	3.267945902606375e-11	5.004148033408838e-10	4.450264276745054e-11	3.220999616099791e-09	0.07346488882439049	6.54862014469769e-11	3.458202101054173e-10	2.020886193748771e-09	2.1530538498540677e-10	0.013437677683843083	2.4923007662879984e-10	4.2148300634038086e-08	1.6597016594048249e-09	2.904203406190307e-09	2.9910804905061965e-10	0.057642417509560354	1.2906411067694592e-10	0.03365504242556931	4.592254720086849e-11	2.210136495481014e-11	6.949354355507409e-11	2.017233000946965e-11
TCGA-HU-8245-01A-11D-2340-08	73	0.41550160695183463	1.8159220203504784e-11	6.422619613838082e-08	4.8713099558487085e-09	9.857871370244899e-09	7.975558956921408e-13	0.01667046878433879	6.163949345083725e-11	5.489824970475487e-14	8.642498954093296e-13	1.2364978968423706e-11	7.058636268298106e-10	0.04058992396929929	1.7002590363573424e-10	0.20813193102372243	2.0824087367209844e-12	0.07961093749996495	6.040078742592901e-10	1.911357797764876e-12	0.005637917652965211	2.7429460660848265e-13	2.444657163547739e-13	1.5767346322019285e-13	1.2023324326838715e-12	0.13869364428546457	0.02267950450696918	3.8242317059544747e-11	0.010013655600848029	0.06247032881133256	3.3999022058031505e-10
TCGA-HU-8249-01A-11D-2340-08	175	0.6815016282086507	0.015724137754176255	7.364399535609499e-10	3.591133372259292e-09	1.1089253986074013e-10	0.08426770893110051	1.5164336416988386e-10	0.013070669490800222	0.08459703589156016	0.021138097035443587	0.018051843231764	2.2299806733047014e-11	0.05829085716837583	7.120199189518421e-10	1.5309440251266742e-09	7.226534605711585e-10	0.007457486948266417	3.4947166350666867e-10	1.0171005605049179e-10	6.194260149880048e-10	2.764194877162895e-12	0.00026895066137505775	1.0562916328803466e-09	0.015631548763223584	6.098538220092999e-10	5.315840762469091e-11	1.545912763024663e-11	2.5333340953919024e-08	5.990273518534078e-11	1.3585859368749035e-10
TCGA-HU-8604-01A-11D-2394-08	241	0.5391378798067585	6.207825764909796e-11	0.027628419129678335	2.595763895076668e-09	8.962600840386275e-11	0.05736887806868677	0.029354398201461455	1.329537354409899e-10	0.013058378097982045	0.07194883453684375	1.7787278794147025e-11	1.104270280217675e-09	0.0035227848589517844	2.919892156126533e-10	4.539462390443666e-08	3.6868425702578274e-10	0.15301175153883428	1.158061149038552e-08	2.045760919985739e-09	3.842396105755063e-10	2.9919658627200624e-10	1.358109014797136e-10	2.4673149560931486e-10	0.04006776669020508	1.359659467843871e-12	1.6017055629594399e-10	7.039131631753435e-13	1.8687889339315622e-11	0.06490084404448504	9.506312201852559e-11
TCGA-HU-8610-01A-22D-2394-08	64	0.6899309540320802	0.08563457427099157	0.02425969868490225	0.05541075347952266	4.7048277237756576e-09	3.667191153311213e-14	1.8342525556999075e-06	5.667531006686658e-10	4.992341885805748e-12	0.0314740551199124	0.017692184420594757	5.19397209755708e-10	8.451881956082575e-09	5.237014564158143e-11	1.5944684251365837e-14	6.402699180923811e-16	0.08599431848357646	0.0028588822820780077	4.932176975028175e-10	1.8083687908237585e-11	2.0690140124511458e-10	7.0883949580886776e-12	3.636644971584994e-10	0.006742707274757088	1.0934957821688661e-09	1.7707552661706943e-10	8.807161994016412e-11	1.934752651449785e-08	1.5589186259743381e-09	4.470971978985616e-11
TCGA-HU-A4GC-01A-12D-A25D-08	166	0.6268486372720575	0.017983628313630602	0.004494276164569048	8.864910179800715e-15	4.694074596069457e-10	6.90287001266407e-14	0.004572706914800444	6.359662036169287e-12	4.166541089872286e-10	1.1543575158542583e-09	1.866400429476183e-11	3.133997572619048e-11	2.3576333948995624e-11	7.718452202586344e-11	0.15381550194384752	5.105642939593972e-11	0.13600037854941546	4.4307160303833184e-10	8.221392843123637e-10	9.016915985977411e-10	8.639327980667781e-12	0.012409047175524908	6.384629055933504e-10	0.01895421831106354	0.02492159765954969	1.949316088193418e-12	6.290764051772841e-12	1.015123067657759e-10	2.4833812040324514e-09	3.9725071392655444e-11
TCGA-HU-A4GD-01A-11D-A25D-08	97	0.5130321149679822	0.062485374290629475	0.3277850010355844	5.3021648979101266e-11	8.492146171120927e-12	5.430592594465292e-09	3.0710878026275646e-12	7.645079017619112e-10	7.067720852467769e-11	5.926328650938748e-12	2.398948780233666e-10	4.885989616105988e-09	1.0990427344421425e-08	1.3138995136177528e-10	0.0353758841542917	3.153360176799395e-11	0.019367013728353234	5.599192700887155e-08	5.13370006036962e-10	7.17819970585389e-11	0.03871495738804404	1.3673300800051434e-11	5.615288023772259e-13	1.506052507977001e-08	8.525801818423745e-12	1.9281712178557163e-09	8.847006453981987e-11	1.137839150745933e-09	0.0032395569564880205	4.825752900116201e-11
TCGA-HU-A4GF-01A-11D-A24D-08	152	0.4883732005210609	0.01211019090261584	1.266397794262084e-12	1.6956708263853573e-11	3.3350038869892484e-10	0.0943595797069217	2.4354624784487556e-08	4.1489957123773685e-10	0.0082688998193277	1.6801162999240253e-08	4.077956958130473e-11	2.7686115027150798e-11	0.0013589856456073326	1.5090229583962475e-10	0.02197535137555657	0.22211668129197662	0.12543089154313436	2.358823238955269e-10	4.5240228511362014e-10	2.845081692473469e-10	2.3005311821814606e-10	0.013476348849979164	0.002697867388344624	9.254173357687192e-11	2.640595808404801e-11	1.2070556368655794e-10	2.0411275844649576e-12	0.009831959193970542	1.5436899863085925e-10	2.0816432336688815e-11
TCGA-HU-A4GP-01A-11D-A25D-08	232	0.6085370672397507	1.8617205491561155e-09	0.09347563032499562	5.998321488249902e-09	6.82019747089443e-10	2.979888118331008e-09	3.9337569650329355e-11	6.758402332818257e-09	0.01014697280206683	0.017572282238059025	2.327474829521383e-11	4.993582423970405e-11	0.0026902466482281572	1.6572118038901336e-10	0.02935251839789158	2.677366321898332e-10	0.0239396039863858	0.14166725683473638	1.7457328372914918e-09	8.015243887040308e-11	4.3118556986124804e-11	0.03065971752797713	1.4818932780765768e-09	0.025505634574063057	2.624461633140845e-09	2.0095168525269041e-10	0.01645303563317926	7.398074962630992e-10	7.732428866597845e-09	3.177616970151746e-10
TCGA-HU-A4H2-01A-11D-A25D-08	213	0.45567932244785636	5.865045448171807e-12	0.1071400241159541	1.859038755834671e-07	1.31131324623125e-09	0.14529998807885408	0.015117685420804444	0.06094335319971252	4.0746768664380797e-10	3.1943067888594262e-12	5.976771441033552e-09	5.426690982497544e-11	2.164078057183621e-11	1.0227781273197456e-08	5.7764703655527885e-12	9.377446338776634e-11	0.14933063867734828	2.0225292021052402e-09	2.4701152861974297e-09	5.304878469894291e-09	4.5688441553135373e-10	5.123082827921141e-09	6.888721862323355e-11	0.06311573735192194	1.0070880801457992e-08	1.0357477409789813e-10	7.907040886426849e-13	9.421939445148014e-11	1.0103379472733237e-08	0.003373010876598709
TCGA-HU-A4H5-01A-21D-A25D-08	311	0.14286948072018874	0.019329943648813533	0.5792910674923143	2.7663743798369603e-10	9.860411219810482e-09	0.13180254262148855	0.0013492920744416306	1.312853080626192e-08	7.900440307465049e-12	9.906777243135853e-10	0.009397249188498701	7.149834329191358e-12	3.4684800457388666e-07	1.2082642657185207e-09	1.0639534442595958e-09	8.185345378690324e-11	0.002375251551013637	4.7651051930154156e-07	1.7956324058870715e-08	2.4510169258083837e-09	8.538385058888461e-13	0.01628860551923398	2.7420108329116337e-08	0.09626570561484958	5.832709546793428e-11	3.769384489936627e-12	1.2483881636088203e-11	2.0312977829822913e-12	1.6860846980465143e-10	0.0010299635117318176
TCGA-HU-A4H6-01A-11D-A25D-08	138	0.7816792912988986	4.829238400607369e-10	6.402482258480709e-12	8.719983477895935e-10	6.848424478923211e-11	3.2039338442894717e-11	7.03786000296429e-11	2.6914722058560215e-11	4.798975394404545e-09	4.73625269459082e-11	6.364264549573158e-08	1.5890022074225588e-10	0.01144298756697878	1.4917508511222004e-12	5.325359136284137e-11	1.4692396015446489e-13	0.08142452667935444	3.2989759168916313e-12	4.13886757003249e-10	8.628170214825136e-10	7.193022721474905e-11	5.973430831410019e-11	6.0949251331918325e-09	0.06488304893231825	8.214351018637192e-11	4.3088962505155774e-11	2.3351241689322407e-12	0.007511454318382476	4.406119296421292e-11	0.05305861326392885
TCGA-HU-A4HD-01A-11D-A25D-08	224	0.4369367089411815	0.032394926096382476	0.05993063380596165	1.1044207891091517e-11	2.2504458663214588e-10	9.709099266303718e-10	0.06725950702797112	1.1759121878897077e-09	0.05917961706725831	0.014863464707358918	9.306936350689488e-11	7.703165165217231e-12	0.04957066264987233	9.313111589861247e-09	0.03733061810368903	7.240875243218009e-10	0.06678114062435453	4.333713026164785e-11	2.8260770979503654e-11	1.2898608515587629e-11	0.014055156344058834	1.9158759545675417e-11	2.1595127728799938e-05	0.13277626957617283	3.7778104452917473e-13	3.151290452422982e-10	0.014174030228808567	1.6967307083154871e-12	0.014725655023991566	1.7334682707959564e-09
TCGA-IN-7806-01A-11D-2053-08	87	0.6872426970674571	0.08004673021536773	1.8124072379112059e-09	1.7891950455680207e-08	2.04834109626793e-08	1.749894409868999e-10	6.694709014332529e-09	6.777747103069215e-08	0.04005872229458955	4.397205970969881e-08	0.009989226691685438	7.166059557790512e-11	2.1606185922527396e-12	2.6295343320870034e-11	1.332054927858724e-08	4.307530545880028e-08	0.02757637206288615	5.738205532936e-10	5.482698698167128e-12	7.701122320239844e-09	0.04043576947700525	5.359615113095297e-12	8.462290312313265e-11	0.09976417034566208	1.7075304362865998e-13	4.028364260836718e-09	0.014886069493053685	3.1462992126613045e-09	4.814754746503013e-09	6.689326750721514e-09
TCGA-IN-7808-01A-11D-2201-08	113	0.6318002221516471	0.004982567486513043	0.04391024415432286	0.10376897292708046	1.961105351584187e-09	1.8643494031285427e-10	0.04948320128326857	2.2622593612359535e-10	8.515637555983346e-13	0.03182971071762085	1.2465738916485974e-11	4.717382841752765e-12	0.0019068891793010273	1.843494132084853e-11	9.128059550416824e-12	1.47467709176383e-12	0.11734860074543932	9.199912812862117e-13	3.750740432786093e-10	2.6569386993988565e-11	1.9606220994478703e-10	0.014969586833024873	3.4239090852886246e-11	3.8191850883844304e-10	2.9812798992171446e-10	1.9616410682224235e-10	9.22825972033147e-13	5.0405301816257795e-11	3.5582872614144106e-10	1.8471099958161994e-10
TCGA-IN-8462-01A-11D-2340-08	139	0.4525200116151176	8.261163428360242e-10	4.030248772989152e-10	0.08108775632542022	9.60286919727584e-10	0.16708392642530787	5.046533363684734e-10	5.249406799322154e-10	8.168276937944634e-12	8.913032719444508e-17	9.412157641115209e-12	6.329667382919028e-10	0.05235205091936923	1.888140087544727e-10	5.9799732769303134e-09	6.011869697496559e-10	0.10187424297000441	0.08641781133989106	1.4846567151343457e-11	1.9011586410412614e-10	1.8106181073082357e-10	1.7675241034560673e-10	3.2951534546198245e-10	1.4376363931233904e-09	2.64810344930631e-11	1.833589366434623e-10	0.02603548645837429	1.1020473205924792e-11	0.03262869962159144	1.1345913560628736e-09
TCGA-IN-8663-01A-11D-2394-08	195	0.43295910301566604	2.9754848230263444e-11	0.0486084274605745	0.0069423522956432605	8.585202034770593e-10	2.8305728117120796e-10	4.7576879421500195e-11	1.19031138823966e-10	7.475889047020825e-12	3.245238077080354e-11	2.534858656466428e-09	6.859265504597063e-13	0.030151170954694797	2.604000616219779e-10	3.6359249212733337e-09	2.0113848554382233e-10	0.3669354996537579	3.735880154849043e-09	1.4183709737040597e-09	1.820914685207453e-12	1.5617150091036586e-11	9.307317739090907e-10	0.04075389704538533	0.07364952027803855	1.4983487974953173e-09	2.919752466214494e-12	1.0148994366852907e-10	8.01709788515213e-12	3.8892185580757483e-13	1.3571777496736072e-08
TCGA-IP-7968-01A-11D-2201-08	122	0.7088896041843947	0.008830801502965138	4.156535812675363e-12	2.589687833812432e-12	6.498300665275179e-11	0.09328951842599947	1.6415484341412167e-12	5.5274931073642575e-11	1.1568130293154068e-10	7.334284612893426e-11	2.4772314905889827e-11	6.186868802641085e-13	0.02689962156706678	6.917104333831698e-10	1.7072614295889418e-10	1.4005204077705566e-13	0.06569415896987525	0.02481510044480542	6.097196382264862e-11	3.0058059681331664e-13	2.4587618264915352e-11	0.04429444012968573	8.598539703914593e-11	0.027286753116950096	4.3428823933694024e-13	1.9278024529665066e-10	7.571582021418441e-12	2.6229411144340393e-13	6.95666742002783e-11	1.0159287736378312e-11
